Municipio,Mes,media_focos_mes_hist
ABADIA DE GOIÁS,1,0.0
ABADIÂNIA,1,1.65
ACREÚNA,1,2.92156862745098
ADELÂNDIA,1,1.0
ALEXÂNIA,1,1.125
ALOÂNDIA,1,0.0
ALTO HORIZONTE,1,2.1666666666666665
ALTO PARAÍSO DE GOIÁS,1,3.903225806451613
ALVORADA DO NORTE,1,1.565217391304348
AMARALINA,1,2.090909090909091
AMERICANO DO BRASIL,1,2.0
AMORINÓPOLIS,1,1.0
ANHANGUERA,1,0.0
ANICUNS,1,2.1666666666666665
ANÁPOLIS,1,1.3333333333333333
APARECIDA DE GOIÂNIA,1,1.1111111111111112
APARECIDA DO RIO DOCE,1,1.3888888888888888
APORÉ,1,2.333333333333333
ARAGARÇAS,1,1.4285714285714286
ARAGOIÂNIA,1,1.0
ARAGUAPAZ,1,1.6296296296296295
ARAÇU,1,2.0
ARENÓPOLIS,1,1.375
ARUANÃ,1,2.958333333333333
AURILÂNDIA,1,4.0
AVELINÓPOLIS,1,5.0
BALIZA,1,1.875
BARRO ALTO,1,1.8015873015873016
BELA VISTA DE GOIÁS,1,1.0
BOM JARDIM DE GOIÁS,1,2.392857142857143
BOM JESUS DE GOIÁS,1,2.375
BONFINÓPOLIS,1,1.0
BONÓPOLIS,1,1.7
BRAZABRANTES,1,2.0
BRITÂNIA,1,2.3703703703703702
BURITI ALEGRE,1,1.3333333333333333
BURITI DE GOIÁS,1,1.5
BURITINÓPOLIS,1,1.2
Bonópolis,1,0.0
CABECEIRAS,1,1.5333333333333334
CACHOEIRA ALTA,1,1.542857142857143
CACHOEIRA DE GOIÁS,1,1.1428571428571428
CACHOEIRA DOURADA,1,2.25
CAIAPÔNIA,1,3.4054054054054053
CALDAS NOVAS,1,2.066666666666667
CALDAZINHA,1,1.0
CAMPESTRE DE GOIÁS,1,1.0
CAMPINAÇU,1,1.4444444444444444
CAMPINORTE,1,1.8823529411764703
CAMPO ALEGRE DE GOIÁS,1,3.121212121212121
CAMPO LIMPO DE GOIÁS,1,1.0
CAMPOS BELOS,1,1.4
CAMPOS VERDES,1,1.4
CARMO DO RIO VERDE,1,2.8
CASTELÂNDIA,1,1.181818181818182
CATALÃO,1,1.975609756097561
CATURAÍ,1,1.0
CAVALCANTE,1,2.9473684210526314
CAÇU,1,1.9069767441860463
CERES,1,2.0
CEZARINA,1,1.0740740740740742
CHAPADÃO DO CÉU,1,1.75
CIDADE OCIDENTAL,1,1.0
COCALZINHO DE GOIÁS,1,1.0
COLINAS DO SUL,1,1.3
CORUMBAÍBA,1,2.909090909090909
CORUMBÁ DE GOIÁS,1,1.5
CRISTALINA,1,2.338235294117647
CRISTIANÓPOLIS,1,0.0
CRIXÁS,1,1.891891891891892
CROMÍNIA,1,1.0
CUMARI,1,1.7142857142857142
CÓRREGO DO OURO,1,2.0
DAMIANÓPOLIS,1,3.375
DAMOLÂNDIA,1,0.0
DAVINÓPOLIS,1,1.5
DIORAMA,1,1.2
DIVINÓPOLIS DE GOIÁS,1,1.3076923076923077
DOVERLÂNDIA,1,2.09375
EDEALINA,1,1.5714285714285714
EDÉIA,1,3.4166666666666665
ESTRELA DO NORTE,1,1.5
FAINA,1,1.4375
FAZENDA NOVA,1,1.25
FIRMINÓPOLIS,1,1.0
FLORES DE GOIÁS,1,3.840579710144928
FORMOSA,1,2.725806451612903
FORMOSO,1,2.125
GAMELEIRA DE GOIÁS,1,1.3333333333333333
GOIANDIRA,1,1.3333333333333333
GOIANIRA,1,1.0
GOIANÁPOLIS,1,1.0
GOIANÉSIA,1,1.3571428571428572
GOIATUBA,1,2.0
GOIÁS,1,2.103448275862069
GOIÂNIA,1,3.125
GUAPÓ,1,2.0
GUARANI DE GOIÁS,1,2.9545454545454546
GUARAÍTA,1,0.0
GUARINOS,1,1.6666666666666667
HEITORAÍ,1,2.0
HIDROLINA,1,1.7272727272727273
HIDROLÂNDIA,1,1.588235294117647
IACIARA,1,3.1818181818181817
INACIOLÂNDIA,1,1.8333333333333333
INDIARA,1,1.5625
INHUMAS,1,1.8571428571428568
IPAMERI,1,3.2363636363636363
IPIRANGA DE GOIÁS,1,1.1666666666666667
IPORÁ,1,1.5
ISRAELÂNDIA,1,1.6666666666666667
ITABERAÍ,1,1.9230769230769231
ITAGUARI,1,1.0
ITAGUARU,1,1.0
ITAJÁ,1,2.7222222222222223
ITAPACI,1,1.8888888888888888
ITAPIRAPUÃ,1,2.1578947368421053
ITAPURANGA,1,2.083333333333333
ITARUMÃ,1,4.065217391304348
ITAUÇU,1,0.0
ITUMBIARA,1,1.393939393939394
IVOLÂNDIA,1,2.0869565217391304
JANDAIA,1,2.142857142857143
JARAGUÁ,1,1.7
JATAÍ,1,2.817073170731707
JAUPACI,1,1.0
JESÚPOLIS,1,0.0
JOVIÂNIA,1,1.0
JUSSARA,1,4.158536585365853
LAGOA SANTA,1,2.176470588235294
LEOPOLDO DE BULHÕES,1,1.4444444444444444
LUZIÂNIA,1,1.725
MAIRIPOTABA,1,0.0
MAMBAÍ,1,2.5
MARA ROSA,1,2.125
MARZAGÃO,1,1.625
MATRINCHÃ,1,1.7777777777777777
MAURILÂNDIA,1,2.083333333333333
MIMOSO DE GOIÁS,1,2.375
MINAÇU,1,1.6666666666666667
MINEIROS,1,4.242718446601942
MOIPORÁ,1,1.5
MONTE ALEGRE DE GOIÁS,1,2.3653846153846154
MONTES CLAROS DE GOIÁS,1,2.4375
MONTIVIDIU,1,1.8888888888888888
MONTIVIDIU DO NORTE,1,1.8823529411764703
MORRINHOS,1,1.5625
MORRO AGUDO DE GOIÁS,1,2.0
MOSSÂMEDES,1,1.4
MOZARLÂNDIA,1,1.5555555555555556
MUNDO NOVO,1,1.6206896551724137
MUTUNÓPOLIS,1,2.75
NAZÁRIO,1,0.0
NERÓPOLIS,1,1.4
NIQUELÂNDIA,1,2.97979797979798
NOVA AMÉRICA,1,0.0
NOVA AURORA,1,1.3333333333333333
NOVA CRIXÁS,1,4.173913043478261
NOVA GLÓRIA,1,1.4444444444444444
NOVA IGUAÇU DE GOIÁS,1,1.1428571428571428
NOVA ROMA,1,1.7741935483870968
NOVA VENEZA,1,1.3333333333333333
NOVO BRASIL,1,1.875
NOVO GAMA,1,1.5
NOVO PLANALTO,1,1.933333333333333
Niquelândia,1,0.0
ORIZONA,1,1.6111111111111112
OURO VERDE DE GOIÁS,1,0.0
OUVIDOR,1,1.7
PADRE BERNARDO,1,2.083333333333333
PALESTINA DE GOIÁS,1,1.380952380952381
PALMEIRAS DE GOIÁS,1,1.6875
PALMELO,1,0.0
PALMINÓPOLIS,1,1.0
PANAMÁ,1,1.3636363636363635
PARANAIGUARA,1,1.3333333333333333
PARAÚNA,1,2.373134328358209
PEROLÂNDIA,1,1.1875
PETROLINA DE GOIÁS,1,1.5
PILAR DE GOIÁS,1,1.5833333333333333
PIRACANJUBA,1,2.1666666666666665
PIRANHAS,1,1.7777777777777777
PIRENÓPOLIS,1,1.8636363636363635
PIRES DO RIO,1,1.8
PLANALTINA,1,2.638888888888889
PONTALINA,1,1.3333333333333333
PORANGATU,1,2.7333333333333334
PORTEIRÃO,1,3.972972972972973
PORTELÂNDIA,1,1.3
POSSE,1,4.547619047619048
PROFESSOR JAMIL,1,2.0
QUIRINÓPOLIS,1,1.851063829787234
RIALMA,1,1.0
RIANÁPOLIS,1,3.0
RIO QUENTE,1,1.3333333333333333
RIO VERDE,1,2.5543478260869565
RUBIATABA,1,2.2
SANCLERLÂNDIA,1,1.0
SANTA BÁRBARA DE GOIÁS,1,0.0
SANTA CRUZ DE GOIÁS,1,2.25
SANTA FÉ DE GOIÁS,1,1.7647058823529411
SANTA HELENA DE GOIÁS,1,3.806451612903226
SANTA ISABEL,1,1.411764705882353
SANTA RITA DO ARAGUAIA,1,3.3
SANTA RITA DO NOVO DESTINO,1,1.6666666666666667
SANTA ROSA DE GOIÁS,1,1.0
SANTA TEREZA DE GOIÁS,1,2.111111111111111
SANTA TEREZINHA DE GOIÁS,1,2.2333333333333334
SANTO ANTÔNIO DA BARRA,1,2.3
SANTO ANTÔNIO DE GOIÁS,1,1.0
SANTO ANTÔNIO DO DESCOBERTO,1,1.1666666666666667
SENADOR CANEDO,1,1.2
SERRANÓPOLIS,1,3.4558823529411766
SILVÂNIA,1,1.3333333333333333
SIMOLÂNDIA,1,3.411764705882353
SÃO DOMINGOS,1,3.12280701754386
SÃO FRANCISCO DE GOIÁS,1,1.1666666666666667
SÃO JOÃO D'ALIANÇA,1,2.5961538461538463
SÃO JOÃO DA PARAÚNA,1,4.0
SÃO LUIZ DO NORTE,1,1.5454545454545454
SÃO LUÍS DE MONTES BELOS,1,1.3333333333333333
SÃO MIGUEL DO ARAGUAIA,1,3.971014492753623
SÃO MIGUEL DO PASSA QUATRO,1,1.25
SÃO PATRÍCIO,1,0.0
SÍTIO D'ABADIA,1,2.0454545454545454
TAQUARAL DE GOIÁS,1,1.25
TERESINA DE GOIÁS,1,1.8571428571428568
TEREZÓPOLIS DE GOIÁS,1,0.0
TRINDADE,1,1.2727272727272727
TROMBAS,1,1.8461538461538465
TRÊS RANCHOS,1,2.0
TURVELÂNDIA,1,2.9166666666666665
TURVÂNIA,1,1.3333333333333333
UIRAPURU,1,2.4
URUANA,1,2.0
URUAÇU,1,2.054054054054054
URUTAÍ,1,1.4
VALPARAÍSO DE GOIÁS,1,0.0
VARJÃO,1,1.0
VIANÓPOLIS,1,1.2
VICENTINÓPOLIS,1,2.8484848484848486
VILA BOA,1,1.7222222222222223
VILA PROPÍCIO,1,2.65625
Vila Boa,1,0.0
ÁGUA FRIA DE GOIÁS,1,2.033333333333333
ÁGUA LIMPA,1,0.0
ÁGUAS LINDAS DE GOIÁS,1,1.0
ABADIA DE GOIÁS,2,1.0
ABADIÂNIA,2,1.625
ACREÚNA,2,3.046875
ADELÂNDIA,2,1.5
ALEXÂNIA,2,1.6
ALOÂNDIA,2,1.5
ALTO HORIZONTE,2,1.0
ALTO PARAÍSO DE GOIÁS,2,5.535714285714286
ALVORADA DO NORTE,2,2.8125
AMARALINA,2,2.2666666666666666
AMERICANO DO BRASIL,2,0.0
AMORINÓPOLIS,2,1.25
ANHANGUERA,2,0.0
ANICUNS,2,1.1666666666666667
ANÁPOLIS,2,1.0714285714285714
APARECIDA DE GOIÂNIA,2,1.0
APARECIDA DO RIO DOCE,2,1.818181818181818
APORÉ,2,1.8444444444444448
ARAGARÇAS,2,2.7777777777777777
ARAGOIÂNIA,2,1.0
ARAGUAPAZ,2,2.75
ARAÇU,2,1.0
ARENÓPOLIS,2,2.0
ARUANÃ,2,2.2
AURILÂNDIA,2,1.0
AVELINÓPOLIS,2,1.75
BALIZA,2,1.5
BARRO ALTO,2,1.7473684210526317
BELA VISTA DE GOIÁS,2,1.181818181818182
BOM JARDIM DE GOIÁS,2,1.5333333333333334
BOM JESUS DE GOIÁS,2,1.870967741935484
BONFINÓPOLIS,2,1.0
BONÓPOLIS,2,1.625
BRAZABRANTES,2,1.0
BRITÂNIA,2,1.4545454545454546
BURITI ALEGRE,2,1.5
BURITI DE GOIÁS,2,0.0
BURITINÓPOLIS,2,1.0
Bonópolis,2,0.0
CABECEIRAS,2,2.142857142857143
CACHOEIRA ALTA,2,1.2941176470588236
CACHOEIRA DE GOIÁS,2,2.6666666666666665
CACHOEIRA DOURADA,2,1.7272727272727273
CAIAPÔNIA,2,2.2
CALDAS NOVAS,2,1.6
CALDAZINHA,2,1.0
CAMPESTRE DE GOIÁS,2,2.0
CAMPINAÇU,2,1.8888888888888888
CAMPINORTE,2,2.076923076923077
CAMPO ALEGRE DE GOIÁS,2,1.6428571428571428
CAMPO LIMPO DE GOIÁS,2,1.0
CAMPOS BELOS,2,2.0
CAMPOS VERDES,2,1.0
CARMO DO RIO VERDE,2,3.4
CASTELÂNDIA,2,1.8
CATALÃO,2,1.6363636363636365
CATURAÍ,2,0.0
CAVALCANTE,2,2.209302325581396
CAÇU,2,2.088888888888889
CERES,2,1.0
CEZARINA,2,1.1904761904761905
CHAPADÃO DO CÉU,2,6.363636363636363
CIDADE OCIDENTAL,2,0.0
COCALZINHO DE GOIÁS,2,1.8125
COLINAS DO SUL,2,1.7777777777777777
CORUMBAÍBA,2,1.0
CORUMBÁ DE GOIÁS,2,1.4285714285714286
CRISTALINA,2,2.6444444444444444
CRISTIANÓPOLIS,2,1.0
CRIXÁS,2,1.9411764705882355
CROMÍNIA,2,1.0
CUMARI,2,1.5
CÓRREGO DO OURO,2,1.0
DAMIANÓPOLIS,2,1.0
DAMOLÂNDIA,2,1.0
DAVINÓPOLIS,2,1.0
DIORAMA,2,1.25
DIVINÓPOLIS DE GOIÁS,2,1.4
DOVERLÂNDIA,2,1.3666666666666667
EDEALINA,2,1.368421052631579
EDÉIA,2,2.588235294117647
ESTRELA DO NORTE,2,2.0
FAINA,2,1.0
FAZENDA NOVA,2,1.0
FIRMINÓPOLIS,2,1.3333333333333333
FLORES DE GOIÁS,2,4.509433962264151
FORMOSA,2,2.394736842105264
FORMOSO,2,1.8571428571428568
GAMELEIRA DE GOIÁS,2,1.25
GOIANDIRA,2,1.5
GOIANIRA,2,1.25
GOIANÁPOLIS,2,1.0
GOIANÉSIA,2,1.5833333333333333
GOIATUBA,2,2.7333333333333334
GOIÁS,2,1.4
GOIÂNIA,2,2.3
GUAPÓ,2,1.5
GUARANI DE GOIÁS,2,1.2857142857142858
GUARAÍTA,2,0.0
GUARINOS,2,1.0
HEITORAÍ,2,4.0
HIDROLINA,2,1.5
HIDROLÂNDIA,2,1.8
IACIARA,2,2.121212121212121
INACIOLÂNDIA,2,1.5833333333333333
INDIARA,2,1.5454545454545454
INHUMAS,2,1.0
IPAMERI,2,2.21875
IPIRANGA DE GOIÁS,2,1.0
IPORÁ,2,1.125
ISRAELÂNDIA,2,2.0
ITABERAÍ,2,1.4
ITAGUARI,2,1.0
ITAGUARU,2,2.0
ITAJÁ,2,3.092592592592593
ITAPACI,2,2.0
ITAPIRAPUÃ,2,1.5333333333333334
ITAPURANGA,2,1.2666666666666666
ITARUMÃ,2,4.555555555555555
ITAUÇU,2,1.0
ITUMBIARA,2,1.8571428571428568
IVOLÂNDIA,2,1.9166666666666667
JANDAIA,2,1.0666666666666669
JARAGUÁ,2,1.4705882352941178
JATAÍ,2,2.189655172413793
JAUPACI,2,2.2
JESÚPOLIS,2,2.0
JOVIÂNIA,2,1.3333333333333333
JUSSARA,2,2.767857142857143
LAGOA SANTA,2,1.5555555555555556
LEOPOLDO DE BULHÕES,2,1.0
LUZIÂNIA,2,1.96875
MAIRIPOTABA,2,0.0
MAMBAÍ,2,1.6
MARA ROSA,2,2.0
MARZAGÃO,2,1.0
MATRINCHÃ,2,2.4285714285714284
MAURILÂNDIA,2,1.6666666666666667
MIMOSO DE GOIÁS,2,2.8
MINAÇU,2,2.5294117647058822
MINEIROS,2,4.53968253968254
MOIPORÁ,2,1.6666666666666667
MONTE ALEGRE DE GOIÁS,2,2.0
MONTES CLAROS DE GOIÁS,2,2.4651162790697674
MONTIVIDIU,2,1.25
MONTIVIDIU DO NORTE,2,1.4
MORRINHOS,2,1.933333333333333
MORRO AGUDO DE GOIÁS,2,0.0
MOSSÂMEDES,2,1.5
MOZARLÂNDIA,2,1.125
MUNDO NOVO,2,1.4782608695652173
MUTUNÓPOLIS,2,1.5
NAZÁRIO,2,2.5
NERÓPOLIS,2,1.4
NIQUELÂNDIA,2,2.618181818181818
NOVA AMÉRICA,2,0.0
NOVA AURORA,2,1.0
NOVA CRIXÁS,2,2.431034482758621
NOVA GLÓRIA,2,1.8571428571428568
NOVA IGUAÇU DE GOIÁS,2,2.5
NOVA ROMA,2,1.9090909090909087
NOVA VENEZA,2,4.0
NOVO BRASIL,2,1.75
NOVO GAMA,2,1.0
NOVO PLANALTO,2,1.7
Niquelândia,2,0.0
ORIZONA,2,7.772727272727272
OURO VERDE DE GOIÁS,2,1.5
OUVIDOR,2,1.3333333333333333
PADRE BERNARDO,2,2.4444444444444446
PALESTINA DE GOIÁS,2,1.7647058823529411
PALMEIRAS DE GOIÁS,2,1.6
PALMELO,2,0.0
PALMINÓPOLIS,2,1.0
PANAMÁ,2,1.818181818181818
PARANAIGUARA,2,1.25
PARAÚNA,2,1.9649122807017545
PEROLÂNDIA,2,1.75
PETROLINA DE GOIÁS,2,1.5
PILAR DE GOIÁS,2,1.1666666666666667
PIRACANJUBA,2,1.35
PIRANHAS,2,1.625
PIRENÓPOLIS,2,2.25
PIRES DO RIO,2,2.0
PLANALTINA,2,1.4285714285714286
PONTALINA,2,1.2
PORANGATU,2,2.8181818181818183
PORTEIRÃO,2,2.5476190476190474
PORTELÂNDIA,2,1.6666666666666667
POSSE,2,1.8148148148148149
PROFESSOR JAMIL,2,1.0
QUIRINÓPOLIS,2,2.0
RIALMA,2,1.6
RIANÁPOLIS,2,1.0
RIO QUENTE,2,1.0
RIO VERDE,2,1.8125
RUBIATABA,2,1.6
SANCLERLÂNDIA,2,1.0
SANTA BÁRBARA DE GOIÁS,2,1.5
SANTA CRUZ DE GOIÁS,2,2.6
SANTA FÉ DE GOIÁS,2,2.333333333333333
SANTA HELENA DE GOIÁS,2,1.9411764705882355
SANTA ISABEL,2,2.0
SANTA RITA DO ARAGUAIA,2,1.2222222222222223
SANTA RITA DO NOVO DESTINO,2,1.25
SANTA ROSA DE GOIÁS,2,1.0
SANTA TEREZA DE GOIÁS,2,2.142857142857143
SANTA TEREZINHA DE GOIÁS,2,1.375
SANTO ANTÔNIO DA BARRA,2,1.3333333333333333
SANTO ANTÔNIO DE GOIÁS,2,0.0
SANTO ANTÔNIO DO DESCOBERTO,2,2.25
SENADOR CANEDO,2,1.181818181818182
SERRANÓPOLIS,2,3.0847457627118646
SILVÂNIA,2,2.0
SIMOLÂNDIA,2,2.111111111111111
SÃO DOMINGOS,2,2.294117647058824
SÃO FRANCISCO DE GOIÁS,2,1.0
SÃO JOÃO D'ALIANÇA,2,2.972972972972973
SÃO JOÃO DA PARAÚNA,2,1.0
SÃO LUIZ DO NORTE,2,1.4
SÃO LUÍS DE MONTES BELOS,2,1.0
SÃO MIGUEL DO ARAGUAIA,2,1.902439024390244
SÃO MIGUEL DO PASSA QUATRO,2,1.0
SÃO PATRÍCIO,2,2.0
SÍTIO D'ABADIA,2,3.590909090909091
TAQUARAL DE GOIÁS,2,0.0
TERESINA DE GOIÁS,2,2.6
TEREZÓPOLIS DE GOIÁS,2,1.0
TRINDADE,2,2.0
TROMBAS,2,1.8571428571428568
TRÊS RANCHOS,2,0.0
TURVELÂNDIA,2,2.333333333333333
TURVÂNIA,2,1.3333333333333333
UIRAPURU,2,1.7142857142857142
URUANA,2,1.7142857142857142
URUAÇU,2,2.25
URUTAÍ,2,1.5555555555555556
VALPARAÍSO DE GOIÁS,2,1.0
VARJÃO,2,1.0
VIANÓPOLIS,2,1.0
VICENTINÓPOLIS,2,3.074074074074074
VILA BOA,2,1.5714285714285714
VILA PROPÍCIO,2,1.5
Vila Boa,2,0.0
ÁGUA FRIA DE GOIÁS,2,1.7727272727272727
ÁGUA LIMPA,2,0.0
ÁGUAS LINDAS DE GOIÁS,2,1.0
ABADIA DE GOIÁS,3,1.75
ABADIÂNIA,3,1.4545454545454546
ACREÚNA,3,2.2452830188679247
ADELÂNDIA,3,0.0
ALEXÂNIA,3,1.2
ALOÂNDIA,3,1.0
ALTO HORIZONTE,3,2.0
ALTO PARAÍSO DE GOIÁS,3,5.655172413793103
ALVORADA DO NORTE,3,5.933333333333334
AMARALINA,3,1.6666666666666667
AMERICANO DO BRASIL,3,0.0
AMORINÓPOLIS,3,1.1666666666666667
ANHANGUERA,3,0.0
ANICUNS,3,1.0
ANÁPOLIS,3,1.25
APARECIDA DE GOIÂNIA,3,1.1428571428571428
APARECIDA DO RIO DOCE,3,1.1428571428571428
APORÉ,3,1.75
ARAGARÇAS,3,2.0
ARAGOIÂNIA,3,2.333333333333333
ARAGUAPAZ,3,1.619047619047619
ARAÇU,3,1.0
ARENÓPOLIS,3,1.2222222222222223
ARUANÃ,3,1.3953488372093024
AURILÂNDIA,3,1.0
AVELINÓPOLIS,3,1.3333333333333333
BALIZA,3,1.8
BARRO ALTO,3,1.9035087719298245
BELA VISTA DE GOIÁS,3,1.0
BOM JARDIM DE GOIÁS,3,1.738095238095238
BOM JESUS DE GOIÁS,3,1.6571428571428573
BONFINÓPOLIS,3,2.25
BONÓPOLIS,3,1.0625
BRAZABRANTES,3,1.0
BRITÂNIA,3,1.3333333333333333
BURITI ALEGRE,3,1.3333333333333333
BURITI DE GOIÁS,3,0.0
BURITINÓPOLIS,3,1.0
Bonópolis,3,0.0
CABECEIRAS,3,1.6363636363636365
CACHOEIRA ALTA,3,1.3333333333333333
CACHOEIRA DE GOIÁS,3,1.4
CACHOEIRA DOURADA,3,1.2857142857142858
CAIAPÔNIA,3,2.194029850746269
CALDAS NOVAS,3,1.3043478260869563
CALDAZINHA,3,0.0
CAMPESTRE DE GOIÁS,3,1.25
CAMPINAÇU,3,1.5
CAMPINORTE,3,1.2222222222222223
CAMPO ALEGRE DE GOIÁS,3,3.0
CAMPO LIMPO DE GOIÁS,3,1.0
CAMPOS BELOS,3,2.7777777777777777
CAMPOS VERDES,3,1.5
CARMO DO RIO VERDE,3,2.0
CASTELÂNDIA,3,1.7142857142857142
CATALÃO,3,2.0
CATURAÍ,3,1.0
CAVALCANTE,3,4.267857142857143
CAÇU,3,1.9444444444444444
CERES,3,1.0
CEZARINA,3,1.0555555555555556
CHAPADÃO DO CÉU,3,2.103448275862069
CIDADE OCIDENTAL,3,1.5
COCALZINHO DE GOIÁS,3,1.1428571428571428
COLINAS DO SUL,3,2.4615384615384617
CORUMBAÍBA,3,1.45
CORUMBÁ DE GOIÁS,3,1.3333333333333333
CRISTALINA,3,2.7875
CRISTIANÓPOLIS,3,1.0
CRIXÁS,3,1.5384615384615383
CROMÍNIA,3,1.5
CUMARI,3,1.2222222222222223
CÓRREGO DO OURO,3,1.3333333333333333
DAMIANÓPOLIS,3,1.0
DAMOLÂNDIA,3,0.0
DAVINÓPOLIS,3,2.5
DIORAMA,3,1.2222222222222223
DIVINÓPOLIS DE GOIÁS,3,1.0
DOVERLÂNDIA,3,2.358974358974359
EDEALINA,3,1.0
EDÉIA,3,2.649122807017544
ESTRELA DO NORTE,3,2.0
FAINA,3,1.6
FAZENDA NOVA,3,1.8666666666666667
FIRMINÓPOLIS,3,1.6666666666666667
FLORES DE GOIÁS,3,3.2
FORMOSA,3,6.875
FORMOSO,3,1.5
GAMELEIRA DE GOIÁS,3,1.0
GOIANDIRA,3,2.8
GOIANIRA,3,1.1666666666666667
GOIANÁPOLIS,3,1.0
GOIANÉSIA,3,1.0909090909090908
GOIATUBA,3,2.1666666666666665
GOIÁS,3,1.5
GOIÂNIA,3,1.88
GUAPÓ,3,1.0
GUARANI DE GOIÁS,3,2.0
GUARAÍTA,3,0.0
GUARINOS,3,1.6666666666666667
HEITORAÍ,3,1.8333333333333333
HIDROLINA,3,1.5
HIDROLÂNDIA,3,1.7142857142857142
IACIARA,3,3.24
INACIOLÂNDIA,3,1.5714285714285714
INDIARA,3,1.6153846153846154
INHUMAS,3,1.0
IPAMERI,3,2.9056603773584904
IPIRANGA DE GOIÁS,3,1.4
IPORÁ,3,2.0
ISRAELÂNDIA,3,1.0
ITABERAÍ,3,4.166666666666667
ITAGUARI,3,1.5
ITAGUARU,3,1.0
ITAJÁ,3,1.7027027027027026
ITAPACI,3,1.1428571428571428
ITAPIRAPUÃ,3,1.5
ITAPURANGA,3,1.1666666666666667
ITARUMÃ,3,2.4074074074074074
ITAUÇU,3,1.0
ITUMBIARA,3,1.4482758620689655
IVOLÂNDIA,3,3.235294117647059
JANDAIA,3,1.1578947368421053
JARAGUÁ,3,1.5789473684210529
JATAÍ,3,2.1494252873563218
JAUPACI,3,1.0
JESÚPOLIS,3,1.0
JOVIÂNIA,3,1.5
JUSSARA,3,3.113636363636364
LAGOA SANTA,3,1.1666666666666667
LEOPOLDO DE BULHÕES,3,1.0
LUZIÂNIA,3,1.9714285714285715
MAIRIPOTABA,3,1.0
MAMBAÍ,3,1.0
MARA ROSA,3,1.565217391304348
MARZAGÃO,3,1.0
MATRINCHÃ,3,1.4516129032258065
MAURILÂNDIA,3,2.142857142857143
MIMOSO DE GOIÁS,3,1.263157894736842
MINAÇU,3,3.3157894736842106
MINEIROS,3,10.306666666666668
MOIPORÁ,3,1.0
MONTE ALEGRE DE GOIÁS,3,2.757575757575758
MONTES CLAROS DE GOIÁS,3,2.055555555555556
MONTIVIDIU,3,1.2105263157894737
MONTIVIDIU DO NORTE,3,1.5714285714285714
MORRINHOS,3,1.9
MORRO AGUDO DE GOIÁS,3,0.0
MOSSÂMEDES,3,1.0
MOZARLÂNDIA,3,1.2352941176470589
MUNDO NOVO,3,1.3846153846153846
MUTUNÓPOLIS,3,1.3333333333333333
NAZÁRIO,3,0.0
NERÓPOLIS,3,1.5
NIQUELÂNDIA,3,2.253731343283582
NOVA AMÉRICA,3,1.0
NOVA AURORA,3,1.0
NOVA CRIXÁS,3,2.3043478260869565
NOVA GLÓRIA,3,1.0
NOVA IGUAÇU DE GOIÁS,3,2.0
NOVA ROMA,3,2.75
NOVA VENEZA,3,1.0
NOVO BRASIL,3,1.0
NOVO GAMA,3,1.5
NOVO PLANALTO,3,1.5555555555555556
Niquelândia,3,0.0
ORIZONA,3,3.117647058823529
OURO VERDE DE GOIÁS,3,1.5
OUVIDOR,3,6.8
PADRE BERNARDO,3,1.25
PALESTINA DE GOIÁS,3,1.1333333333333333
PALMEIRAS DE GOIÁS,3,1.3636363636363635
PALMELO,3,0.0
PALMINÓPOLIS,3,1.0
PANAMÁ,3,1.6153846153846154
PARANAIGUARA,3,2.857142857142857
PARAÚNA,3,2.7346938775510203
PEROLÂNDIA,3,1.1428571428571428
PETROLINA DE GOIÁS,3,1.0
PILAR DE GOIÁS,3,2.833333333333333
PIRACANJUBA,3,1.1428571428571428
PIRANHAS,3,2.7058823529411766
PIRENÓPOLIS,3,2.0
PIRES DO RIO,3,1.25
PLANALTINA,3,4.675675675675675
PONTALINA,3,1.3
PORANGATU,3,1.8888888888888888
PORTEIRÃO,3,1.9230769230769231
PORTELÂNDIA,3,1.7777777777777777
POSSE,3,2.107142857142857
PROFESSOR JAMIL,3,1.25
QUIRINÓPOLIS,3,2.03125
RIALMA,3,1.5
RIANÁPOLIS,3,1.0
RIO QUENTE,3,1.3333333333333333
RIO VERDE,3,2.0657894736842106
RUBIATABA,3,2.857142857142857
SANCLERLÂNDIA,3,5.333333333333333
SANTA BÁRBARA DE GOIÁS,3,1.0
SANTA CRUZ DE GOIÁS,3,1.625
SANTA FÉ DE GOIÁS,3,2.081081081081081
SANTA HELENA DE GOIÁS,3,1.6538461538461535
SANTA ISABEL,3,1.2
SANTA RITA DO ARAGUAIA,3,2.0
SANTA RITA DO NOVO DESTINO,3,1.0
SANTA ROSA DE GOIÁS,3,1.0
SANTA TEREZA DE GOIÁS,3,1.0
SANTA TEREZINHA DE GOIÁS,3,2.875
SANTO ANTÔNIO DA BARRA,3,1.6875
SANTO ANTÔNIO DE GOIÁS,3,0.0
SANTO ANTÔNIO DO DESCOBERTO,3,2.6666666666666665
SENADOR CANEDO,3,1.1666666666666667
SERRANÓPOLIS,3,3.325
SILVÂNIA,3,1.8
SIMOLÂNDIA,3,2.0
SÃO DOMINGOS,3,2.3043478260869565
SÃO FRANCISCO DE GOIÁS,3,1.0
SÃO JOÃO D'ALIANÇA,3,2.911111111111111
SÃO JOÃO DA PARAÚNA,3,1.0
SÃO LUIZ DO NORTE,3,2.5
SÃO LUÍS DE MONTES BELOS,3,1.0
SÃO MIGUEL DO ARAGUAIA,3,1.9090909090909087
SÃO MIGUEL DO PASSA QUATRO,3,1.0
SÃO PATRÍCIO,3,2.5
SÍTIO D'ABADIA,3,1.9230769230769231
TAQUARAL DE GOIÁS,3,0.0
TERESINA DE GOIÁS,3,1.75
TEREZÓPOLIS DE GOIÁS,3,1.6666666666666667
TRINDADE,3,1.2142857142857142
TROMBAS,3,2.2
TRÊS RANCHOS,3,2.0
TURVELÂNDIA,3,1.4857142857142858
TURVÂNIA,3,1.0
UIRAPURU,3,1.0
URUANA,3,1.3333333333333333
URUAÇU,3,1.6551724137931034
URUTAÍ,3,1.3333333333333333
VALPARAÍSO DE GOIÁS,3,1.3333333333333333
VARJÃO,3,1.6
VIANÓPOLIS,3,1.25
VICENTINÓPOLIS,3,1.5172413793103448
VILA BOA,3,1.75
VILA PROPÍCIO,3,1.0625
Vila Boa,3,0.0
ÁGUA FRIA DE GOIÁS,3,2.35
ÁGUA LIMPA,3,0.0
ÁGUAS LINDAS DE GOIÁS,3,1.5
ABADIA DE GOIÁS,4,1.0
ABADIÂNIA,4,1.9444444444444444
ACREÚNA,4,1.6829268292682926
ADELÂNDIA,4,0.0
ALEXÂNIA,4,1.3
ALOÂNDIA,4,1.5
ALTO HORIZONTE,4,2.0
ALTO PARAÍSO DE GOIÁS,4,6.048780487804878
ALVORADA DO NORTE,4,3.4482758620689653
AMARALINA,4,1.75
AMERICANO DO BRASIL,4,1.0
AMORINÓPOLIS,4,2.0
ANHANGUERA,4,1.5714285714285714
ANICUNS,4,1.9655172413793105
ANÁPOLIS,4,2.176470588235294
APARECIDA DE GOIÂNIA,4,1.5
APARECIDA DO RIO DOCE,4,2.4347826086956523
APORÉ,4,2.1818181818181817
ARAGARÇAS,4,2.25
ARAGOIÂNIA,4,1.5
ARAGUAPAZ,4,2.548387096774193
ARAÇU,4,0.0
ARENÓPOLIS,4,1.2857142857142858
ARUANÃ,4,2.794117647058824
AURILÂNDIA,4,2.5454545454545454
AVELINÓPOLIS,4,2.0
BALIZA,4,2.1904761904761907
BARRO ALTO,4,1.9785714285714289
BELA VISTA DE GOIÁS,4,1.375
BOM JARDIM DE GOIÁS,4,2.3392857142857144
BOM JESUS DE GOIÁS,4,2.7142857142857144
BONFINÓPOLIS,4,1.3333333333333333
BONÓPOLIS,4,2.235294117647059
BRAZABRANTES,4,1.0
BRITÂNIA,4,3.761904761904762
BURITI ALEGRE,4,1.0
BURITI DE GOIÁS,4,0.0
BURITINÓPOLIS,4,1.0
Bonópolis,4,0.0
CABECEIRAS,4,1.4210526315789471
CACHOEIRA ALTA,4,1.9375
CACHOEIRA DE GOIÁS,4,1.5
CACHOEIRA DOURADA,4,1.5
CAIAPÔNIA,4,3.617977528089888
CALDAS NOVAS,4,1.9166666666666667
CALDAZINHA,4,1.0
CAMPESTRE DE GOIÁS,4,2.0
CAMPINAÇU,4,2.611111111111111
CAMPINORTE,4,2.2222222222222223
CAMPO ALEGRE DE GOIÁS,4,2.8125
CAMPO LIMPO DE GOIÁS,4,3.333333333333333
CAMPOS BELOS,4,1.625
CAMPOS VERDES,4,4.375
CARMO DO RIO VERDE,4,1.8
CASTELÂNDIA,4,1.25
CATALÃO,4,1.7241379310344829
CATURAÍ,4,1.0
CAVALCANTE,4,5.64957264957265
CAÇU,4,1.3448275862068966
CERES,4,1.0
CEZARINA,4,1.0588235294117647
CHAPADÃO DO CÉU,4,4.483870967741935
CIDADE OCIDENTAL,4,1.4
COCALZINHO DE GOIÁS,4,1.8571428571428568
COLINAS DO SUL,4,2.230769230769231
CORUMBAÍBA,4,2.055555555555556
CORUMBÁ DE GOIÁS,4,1.5714285714285714
CRISTALINA,4,2.9012345679012346
CRISTIANÓPOLIS,4,1.8571428571428568
CRIXÁS,4,1.673913043478261
CROMÍNIA,4,2.0
CUMARI,4,1.875
CÓRREGO DO OURO,4,1.0
DAMIANÓPOLIS,4,1.1666666666666667
DAMOLÂNDIA,4,0.0
DAVINÓPOLIS,4,2.0
DIORAMA,4,3.6666666666666665
DIVINÓPOLIS DE GOIÁS,4,1.5
DOVERLÂNDIA,4,3.123076923076923
EDEALINA,4,1.1428571428571428
EDÉIA,4,1.2142857142857142
ESTRELA DO NORTE,4,1.5
FAINA,4,1.4444444444444444
FAZENDA NOVA,4,2.0
FIRMINÓPOLIS,4,1.5
FLORES DE GOIÁS,4,3.12280701754386
FORMOSA,4,2.5875
FORMOSO,4,3.571428571428572
GAMELEIRA DE GOIÁS,4,1.5
GOIANDIRA,4,1.8888888888888888
GOIANIRA,4,1.0
GOIANÁPOLIS,4,1.0
GOIANÉSIA,4,3.260869565217391
GOIATUBA,4,1.3666666666666667
GOIÁS,4,1.7083333333333333
GOIÂNIA,4,2.3076923076923075
GUAPÓ,4,0.0
GUARANI DE GOIÁS,4,2.473684210526316
GUARAÍTA,4,0.0
GUARINOS,4,2.0
HEITORAÍ,4,1.0
HIDROLINA,4,1.4285714285714286
HIDROLÂNDIA,4,1.3571428571428572
IACIARA,4,3.333333333333333
INACIOLÂNDIA,4,1.5
INDIARA,4,1.8823529411764703
INHUMAS,4,1.875
IPAMERI,4,3.7260273972602738
IPIRANGA DE GOIÁS,4,1.375
IPORÁ,4,3.2777777777777777
ISRAELÂNDIA,4,3.0
ITABERAÍ,4,2.566666666666667
ITAGUARI,4,1.5
ITAGUARU,4,1.6666666666666667
ITAJÁ,4,2.608695652173913
ITAPACI,4,3.5
ITAPIRAPUÃ,4,1.65625
ITAPURANGA,4,1.1666666666666667
ITARUMÃ,4,4.153846153846154
ITAUÇU,4,2.0
ITUMBIARA,4,1.6
IVOLÂNDIA,4,5.407407407407407
JANDAIA,4,1.5833333333333333
JARAGUÁ,4,1.903225806451613
JATAÍ,4,3.194690265486725
JAUPACI,4,1.0
JESÚPOLIS,4,0.0
JOVIÂNIA,4,1.0
JUSSARA,4,3.31958762886598
LAGOA SANTA,4,2.0
LEOPOLDO DE BULHÕES,4,1.0
LUZIÂNIA,4,4.826923076923077
MAIRIPOTABA,4,1.3333333333333333
MAMBAÍ,4,1.1666666666666667
MARA ROSA,4,2.735294117647059
MARZAGÃO,4,1.0
MATRINCHÃ,4,2.142857142857143
MAURILÂNDIA,4,3.357142857142857
MIMOSO DE GOIÁS,4,1.25
MINAÇU,4,2.56
MINEIROS,4,12.432835820895525
MOIPORÁ,4,1.75
MONTE ALEGRE DE GOIÁS,4,2.488372093023256
MONTES CLAROS DE GOIÁS,4,2.381578947368421
MONTIVIDIU,4,1.7894736842105263
MONTIVIDIU DO NORTE,4,2.2777777777777777
MORRINHOS,4,1.6
MORRO AGUDO DE GOIÁS,4,1.0
MOSSÂMEDES,4,1.0
MOZARLÂNDIA,4,1.75
MUNDO NOVO,4,2.3684210526315788
MUTUNÓPOLIS,4,2.5625
NAZÁRIO,4,1.3333333333333333
NERÓPOLIS,4,1.4285714285714286
NIQUELÂNDIA,4,3.394230769230769
NOVA AMÉRICA,4,1.0
NOVA AURORA,4,1.0
NOVA CRIXÁS,4,4.457446808510638
NOVA GLÓRIA,4,1.7333333333333334
NOVA IGUAÇU DE GOIÁS,4,2.0
NOVA ROMA,4,3.740740740740741
NOVA VENEZA,4,1.0
NOVO BRASIL,4,2.0
NOVO GAMA,4,1.8
NOVO PLANALTO,4,2.4166666666666665
Niquelândia,4,0.0
ORIZONA,4,1.380952380952381
OURO VERDE DE GOIÁS,4,0.0
OUVIDOR,4,2.1
PADRE BERNARDO,4,1.7872340425531914
PALESTINA DE GOIÁS,4,1.3888888888888888
PALMEIRAS DE GOIÁS,4,1.4545454545454546
PALMELO,4,2.0
PALMINÓPOLIS,4,1.0
PANAMÁ,4,1.0
PARANAIGUARA,4,2.0
PARAÚNA,4,3.4477611940298507
PEROLÂNDIA,4,1.7
PETROLINA DE GOIÁS,4,2.0
PILAR DE GOIÁS,4,1.0
PIRACANJUBA,4,1.7333333333333334
PIRANHAS,4,1.5365853658536586
PIRENÓPOLIS,4,1.3571428571428572
PIRES DO RIO,4,3.947368421052632
PLANALTINA,4,6.297297297297297
PONTALINA,4,2.583333333333333
PORANGATU,4,2.59375
PORTEIRÃO,4,1.0869565217391304
PORTELÂNDIA,4,1.851851851851852
POSSE,4,2.32
PROFESSOR JAMIL,4,1.5
QUIRINÓPOLIS,4,1.8666666666666667
RIALMA,4,3.1666666666666665
RIANÁPOLIS,4,1.5
RIO QUENTE,4,1.5
RIO VERDE,4,3.5
RUBIATABA,4,2.2
SANCLERLÂNDIA,4,1.5
SANTA BÁRBARA DE GOIÁS,4,1.0
SANTA CRUZ DE GOIÁS,4,1.6470588235294117
SANTA FÉ DE GOIÁS,4,1.9375
SANTA HELENA DE GOIÁS,4,2.259259259259259
SANTA ISABEL,4,1.5714285714285714
SANTA RITA DO ARAGUAIA,4,2.125
SANTA RITA DO NOVO DESTINO,4,3.388888888888889
SANTA ROSA DE GOIÁS,4,1.0
SANTA TEREZA DE GOIÁS,4,1.8666666666666667
SANTA TEREZINHA DE GOIÁS,4,4.12
SANTO ANTÔNIO DA BARRA,4,1.4375
SANTO ANTÔNIO DE GOIÁS,4,1.0
SANTO ANTÔNIO DO DESCOBERTO,4,1.875
SENADOR CANEDO,4,1.25
SERRANÓPOLIS,4,3.197530864197531
SILVÂNIA,4,2.708333333333333
SIMOLÂNDIA,4,3.730769230769231
SÃO DOMINGOS,4,2.909090909090909
SÃO FRANCISCO DE GOIÁS,4,2.875
SÃO JOÃO D'ALIANÇA,4,2.843137254901961
SÃO JOÃO DA PARAÚNA,4,0.0
SÃO LUIZ DO NORTE,4,1.9545454545454544
SÃO LUÍS DE MONTES BELOS,4,0.0
SÃO MIGUEL DO ARAGUAIA,4,1.7258064516129032
SÃO MIGUEL DO PASSA QUATRO,4,1.6666666666666667
SÃO PATRÍCIO,4,1.5
SÍTIO D'ABADIA,4,3.764705882352941
TAQUARAL DE GOIÁS,4,1.5
TERESINA DE GOIÁS,4,3.2857142857142856
TEREZÓPOLIS DE GOIÁS,4,2.0
TRINDADE,4,1.4210526315789471
TROMBAS,4,2.2142857142857144
TRÊS RANCHOS,4,0.0
TURVELÂNDIA,4,1.7307692307692308
TURVÂNIA,4,1.5
UIRAPURU,4,1.3333333333333333
URUANA,4,1.5454545454545454
URUAÇU,4,2.095238095238096
URUTAÍ,4,2.1875
VALPARAÍSO DE GOIÁS,4,0.0
VARJÃO,4,1.5
VIANÓPOLIS,4,1.8571428571428568
VICENTINÓPOLIS,4,1.809523809523809
VILA BOA,4,1.2
VILA PROPÍCIO,4,1.3214285714285714
Vila Boa,4,0.0
ÁGUA FRIA DE GOIÁS,4,2.25
ÁGUA LIMPA,4,0.0
ÁGUAS LINDAS DE GOIÁS,4,1.0
ABADIA DE GOIÁS,5,2.0
ABADIÂNIA,5,2.0416666666666665
ACREÚNA,5,1.6666666666666667
ADELÂNDIA,5,1.1666666666666667
ALEXÂNIA,5,1.5161290322580645
ALOÂNDIA,5,2.0
ALTO HORIZONTE,5,2.125
ALTO PARAÍSO DE GOIÁS,5,8.125
ALVORADA DO NORTE,5,3.0625
AMARALINA,5,2.435897435897436
AMERICANO DO BRASIL,5,1.3333333333333333
AMORINÓPOLIS,5,1.7058823529411764
ANHANGUERA,5,2.5
ANICUNS,5,2.441558441558441
ANÁPOLIS,5,1.950819672131148
APARECIDA DE GOIÂNIA,5,1.5142857142857142
APARECIDA DO RIO DOCE,5,1.7058823529411764
APORÉ,5,2.953846153846154
ARAGARÇAS,5,6.55
ARAGOIÂNIA,5,1.5555555555555556
ARAGUAPAZ,5,2.642857142857143
ARAÇU,5,1.6666666666666667
ARENÓPOLIS,5,2.333333333333333
ARUANÃ,5,5.647058823529412
AURILÂNDIA,5,1.375
AVELINÓPOLIS,5,1.0
BALIZA,5,3.0416666666666665
BARRO ALTO,5,2.0562770562770565
BELA VISTA DE GOIÁS,5,2.306122448979592
BOM JARDIM DE GOIÁS,5,4.513888888888889
BOM JESUS DE GOIÁS,5,2.5172413793103448
BONFINÓPOLIS,5,3.4
BONÓPOLIS,5,2.642857142857143
BRAZABRANTES,5,2.7
BRITÂNIA,5,3.2
BURITI ALEGRE,5,1.375
BURITI DE GOIÁS,5,1.0
BURITINÓPOLIS,5,1.7142857142857142
Bonópolis,5,0.0
CABECEIRAS,5,2.8857142857142857
CACHOEIRA ALTA,5,2.1666666666666665
CACHOEIRA DE GOIÁS,5,2.5
CACHOEIRA DOURADA,5,2.6
CAIAPÔNIA,5,6.664921465968586
CALDAS NOVAS,5,2.435897435897436
CALDAZINHA,5,1.1428571428571428
CAMPESTRE DE GOIÁS,5,2.0
CAMPINAÇU,5,2.36734693877551
CAMPINORTE,5,2.206896551724138
CAMPO ALEGRE DE GOIÁS,5,3.5161290322580645
CAMPO LIMPO DE GOIÁS,5,1.4
CAMPOS BELOS,5,6.466666666666667
CAMPOS VERDES,5,3.423076923076923
CARMO DO RIO VERDE,5,1.5789473684210529
CASTELÂNDIA,5,4.8
CATALÃO,5,7.114583333333333
CATURAÍ,5,2.5
CAVALCANTE,5,8.963636363636363
CAÇU,5,1.631578947368421
CERES,5,1.2222222222222223
CEZARINA,5,1.1166666666666667
CHAPADÃO DO CÉU,5,12.566666666666666
CIDADE OCIDENTAL,5,1.4545454545454546
COCALZINHO DE GOIÁS,5,3.9166666666666665
COLINAS DO SUL,5,3.59375
CORUMBAÍBA,5,2.215686274509804
CORUMBÁ DE GOIÁS,5,2.131578947368421
CRISTALINA,5,4.687861271676301
CRISTIANÓPOLIS,5,1.6923076923076923
CRIXÁS,5,2.547945205479452
CROMÍNIA,5,1.3
CUMARI,5,2.142857142857143
CÓRREGO DO OURO,5,1.9166666666666667
DAMIANÓPOLIS,5,1.4285714285714286
DAMOLÂNDIA,5,1.5
DAVINÓPOLIS,5,1.1666666666666667
DIORAMA,5,2.3846153846153846
DIVINÓPOLIS DE GOIÁS,5,2.5
DOVERLÂNDIA,5,4.825242718446602
EDEALINA,5,1.8333333333333333
EDÉIA,5,2.484848484848485
ESTRELA DO NORTE,5,2.1666666666666665
FAINA,5,2.3076923076923075
FAZENDA NOVA,5,5.75
FIRMINÓPOLIS,5,1.1428571428571428
FLORES DE GOIÁS,5,4.0701754385964914
FORMOSA,5,5.629139072847682
FORMOSO,5,1.5909090909090908
GAMELEIRA DE GOIÁS,5,1.5833333333333333
GOIANDIRA,5,1.6842105263157894
GOIANIRA,5,1.8666666666666667
GOIANÁPOLIS,5,1.25
GOIANÉSIA,5,3.490566037735849
GOIATUBA,5,1.7708333333333333
GOIÁS,5,2.4237288135593222
GOIÂNIA,5,2.440366972477064
GUAPÓ,5,1.181818181818182
GUARANI DE GOIÁS,5,3.4680851063829787
GUARAÍTA,5,0.0
GUARINOS,5,2.3846153846153846
HEITORAÍ,5,2.4285714285714284
HIDROLINA,5,3.1578947368421053
HIDROLÂNDIA,5,1.6730769230769231
IACIARA,5,3.2911392405063293
INACIOLÂNDIA,5,3.857142857142857
INDIARA,5,2.3777777777777778
INHUMAS,5,2.1
IPAMERI,5,5.328767123287672
IPIRANGA DE GOIÁS,5,1.9
IPORÁ,5,2.3703703703703702
ISRAELÂNDIA,5,2.0
ITABERAÍ,5,3.3114754098360657
ITAGUARI,5,1.8
ITAGUARU,5,2.4
ITAJÁ,5,2.212121212121212
ITAPACI,5,2.1538461538461537
ITAPIRAPUÃ,5,3.647058823529412
ITAPURANGA,5,2.4411764705882355
ITARUMÃ,5,3.4864864864864864
ITAUÇU,5,1.1666666666666667
ITUMBIARA,5,2.915492957746479
IVOLÂNDIA,5,5.0
JANDAIA,5,2.647058823529412
JARAGUÁ,5,1.9661016949152543
JATAÍ,5,4.234567901234568
JAUPACI,5,1.6666666666666667
JESÚPOLIS,5,1.5
JOVIÂNIA,5,2.8
JUSSARA,5,9.950980392156865
LAGOA SANTA,5,1.0
LEOPOLDO DE BULHÕES,5,1.6428571428571428
LUZIÂNIA,5,4.064285714285714
MAIRIPOTABA,5,1.5
MAMBAÍ,5,5.190476190476191
MARA ROSA,5,3.32
MARZAGÃO,5,1.6666666666666667
MATRINCHÃ,5,3.0350877192982457
MAURILÂNDIA,5,2.5806451612903225
MIMOSO DE GOIÁS,5,4.0
MINAÇU,5,7.454545454545454
MINEIROS,5,9.184971098265896
MOIPORÁ,5,2.25
MONTE ALEGRE DE GOIÁS,5,3.075268817204301
MONTES CLAROS DE GOIÁS,5,2.1875
MONTIVIDIU,5,1.725
MONTIVIDIU DO NORTE,5,2.5161290322580645
MORRINHOS,5,2.685185185185185
MORRO AGUDO DE GOIÁS,5,2.0
MOSSÂMEDES,5,2.526315789473684
MOZARLÂNDIA,5,4.978260869565218
MUNDO NOVO,5,3.125
MUTUNÓPOLIS,5,2.938775510204082
NAZÁRIO,5,2.0
NERÓPOLIS,5,2.0
NIQUELÂNDIA,5,6.077235772357724
NOVA AMÉRICA,5,2.5
NOVA AURORA,5,1.0
NOVA CRIXÁS,5,8.626506024096386
NOVA GLÓRIA,5,2.16
NOVA IGUAÇU DE GOIÁS,5,2.076923076923077
NOVA ROMA,5,3.6140350877192975
NOVA VENEZA,5,1.0
NOVO BRASIL,5,2.0
NOVO GAMA,5,1.2777777777777777
NOVO PLANALTO,5,5.333333333333333
Niquelândia,5,0.0
ORIZONA,5,2.220338983050848
OURO VERDE DE GOIÁS,5,2.0
OUVIDOR,5,1.1538461538461535
PADRE BERNARDO,5,3.7235772357723578
PALESTINA DE GOIÁS,5,1.4230769230769231
PALMEIRAS DE GOIÁS,5,1.7142857142857142
PALMELO,5,20.33333333333333
PALMINÓPOLIS,5,1.25
PANAMÁ,5,1.9411764705882355
PARANAIGUARA,5,2.0
PARAÚNA,5,3.1584158415841586
PEROLÂNDIA,5,3.967741935483871
PETROLINA DE GOIÁS,5,2.0526315789473686
PILAR DE GOIÁS,5,2.0
PIRACANJUBA,5,3.492957746478873
PIRANHAS,5,2.95
PIRENÓPOLIS,5,2.815384615384616
PIRES DO RIO,5,1.6764705882352942
PLANALTINA,5,2.0416666666666665
PONTALINA,5,2.772727272727273
PORANGATU,5,4.024096385542169
PORTEIRÃO,5,3.625
PORTELÂNDIA,5,2.636363636363636
POSSE,5,4.785714285714286
PROFESSOR JAMIL,5,1.8888888888888888
QUIRINÓPOLIS,5,3.3
RIALMA,5,1.9047619047619049
RIANÁPOLIS,5,1.2
RIO QUENTE,5,3.0
RIO VERDE,5,5.605128205128205
RUBIATABA,5,1.7826086956521738
SANCLERLÂNDIA,5,1.8
SANTA BÁRBARA DE GOIÁS,5,2.0
SANTA CRUZ DE GOIÁS,5,2.25
SANTA FÉ DE GOIÁS,5,3.3783783783783785
SANTA HELENA DE GOIÁS,5,3.46
SANTA ISABEL,5,3.3684210526315788
SANTA RITA DO ARAGUAIA,5,2.549019607843137
SANTA RITA DO NOVO DESTINO,5,3.28125
SANTA ROSA DE GOIÁS,5,1.5
SANTA TEREZA DE GOIÁS,5,2.25
SANTA TEREZINHA DE GOIÁS,5,3.3
SANTO ANTÔNIO DA BARRA,5,2.875
SANTO ANTÔNIO DE GOIÁS,5,1.4
SANTO ANTÔNIO DO DESCOBERTO,5,1.7142857142857142
SENADOR CANEDO,5,2.027027027027027
SERRANÓPOLIS,5,5.537313432835821
SILVÂNIA,5,3.077777777777778
SIMOLÂNDIA,5,1.65625
SÃO DOMINGOS,5,7.285714285714286
SÃO FRANCISCO DE GOIÁS,5,2.707317073170732
SÃO JOÃO D'ALIANÇA,5,4.67741935483871
SÃO JOÃO DA PARAÚNA,5,1.5
SÃO LUIZ DO NORTE,5,4.777777777777778
SÃO LUÍS DE MONTES BELOS,5,2.0294117647058822
SÃO MIGUEL DO ARAGUAIA,5,4.088
SÃO MIGUEL DO PASSA QUATRO,5,1.1176470588235294
SÃO PATRÍCIO,5,1.6666666666666667
SÍTIO D'ABADIA,5,4.224137931034483
TAQUARAL DE GOIÁS,5,1.0
TERESINA DE GOIÁS,5,2.1
TEREZÓPOLIS DE GOIÁS,5,1.4545454545454546
TRINDADE,5,1.836734693877551
TROMBAS,5,2.7241379310344827
TRÊS RANCHOS,5,1.8
TURVELÂNDIA,5,4.170731707317073
TURVÂNIA,5,1.8125
UIRAPURU,5,2.217391304347826
URUANA,5,2.0
URUAÇU,5,2.1772151898734178
URUTAÍ,5,1.894736842105263
VALPARAÍSO DE GOIÁS,5,1.7857142857142858
VARJÃO,5,1.0
VIANÓPOLIS,5,1.55
VICENTINÓPOLIS,5,1.9285714285714288
VILA BOA,5,2.209302325581396
VILA PROPÍCIO,5,2.0689655172413794
Vila Boa,5,0.0
ÁGUA FRIA DE GOIÁS,5,3.113636363636364
ÁGUA LIMPA,5,0.0
ÁGUAS LINDAS DE GOIÁS,5,2.074074074074074
ABADIA DE GOIÁS,6,1.7179487179487178
ABADIÂNIA,6,2.414634146341464
ACREÚNA,6,3.42
ADELÂNDIA,6,1.0
ALEXÂNIA,6,1.9056603773584904
ALOÂNDIA,6,0.0
ALTO HORIZONTE,6,2.4705882352941178
ALTO PARAÍSO DE GOIÁS,6,5.992063492063492
ALVORADA DO NORTE,6,4.3125
AMARALINA,6,2.5098039215686274
AMERICANO DO BRASIL,6,1.0
AMORINÓPOLIS,6,2.1875
ANHANGUERA,6,9.0
ANICUNS,6,2.6095238095238096
ANÁPOLIS,6,2.279279279279279
APARECIDA DE GOIÂNIA,6,1.7731958762886595
APARECIDA DO RIO DOCE,6,1.3571428571428572
APORÉ,6,4.466666666666667
ARAGARÇAS,6,1.809523809523809
ARAGOIÂNIA,6,1.4666666666666666
ARAGUAPAZ,6,3.544117647058824
ARAÇU,6,1.0
ARENÓPOLIS,6,2.2413793103448274
ARUANÃ,6,5.5
AURILÂNDIA,6,3.333333333333333
AVELINÓPOLIS,6,2.125
BALIZA,6,2.369565217391304
BARRO ALTO,6,2.274193548387097
BELA VISTA DE GOIÁS,6,1.6
BOM JARDIM DE GOIÁS,6,3.295238095238095
BOM JESUS DE GOIÁS,6,2.872727272727273
BONFINÓPOLIS,6,1.375
BONÓPOLIS,6,3.725
BRAZABRANTES,6,1.1428571428571428
BRITÂNIA,6,1.631578947368421
BURITI ALEGRE,6,1.1666666666666667
BURITI DE GOIÁS,6,1.0
BURITINÓPOLIS,6,1.6
Bonópolis,6,0.0
CABECEIRAS,6,4.791666666666667
CACHOEIRA ALTA,6,3.4827586206896552
CACHOEIRA DE GOIÁS,6,1.9047619047619049
CACHOEIRA DOURADA,6,2.5
CAIAPÔNIA,6,7.114832535885167
CALDAS NOVAS,6,3.2033898305084745
CALDAZINHA,6,1.25
CAMPESTRE DE GOIÁS,6,2.0
CAMPINAÇU,6,7.882352941176471
CAMPINORTE,6,2.239130434782609
CAMPO ALEGRE DE GOIÁS,6,3.197674418604651
CAMPO LIMPO DE GOIÁS,6,1.5625
CAMPOS BELOS,6,2.765957446808511
CAMPOS VERDES,6,3.28
CARMO DO RIO VERDE,6,2.5217391304347827
CASTELÂNDIA,6,2.7222222222222223
CATALÃO,6,6.779220779220779
CATURAÍ,6,2.125
CAVALCANTE,6,13.759398496240602
CAÇU,6,4.6
CERES,6,2.357142857142857
CEZARINA,6,1.1111111111111112
CHAPADÃO DO CÉU,6,15.272727272727272
CIDADE OCIDENTAL,6,1.9230769230769231
COCALZINHO DE GOIÁS,6,2.492063492063492
COLINAS DO SUL,6,5.053571428571429
CORUMBAÍBA,6,2.3191489361702127
CORUMBÁ DE GOIÁS,6,2.606060606060606
CRISTALINA,6,4.318181818181818
CRISTIANÓPOLIS,6,1.4615384615384617
CRIXÁS,6,3.504
CROMÍNIA,6,1.933333333333333
CUMARI,6,1.2941176470588236
CÓRREGO DO OURO,6,1.0
DAMIANÓPOLIS,6,1.1428571428571428
DAMOLÂNDIA,6,1.4285714285714286
DAVINÓPOLIS,6,2.357142857142857
DIORAMA,6,4.384615384615385
DIVINÓPOLIS DE GOIÁS,6,3.909090909090909
DOVERLÂNDIA,6,6.219512195121951
EDEALINA,6,1.75
EDÉIA,6,2.9791666666666665
ESTRELA DO NORTE,6,3.269230769230769
FAINA,6,2.484848484848485
FAZENDA NOVA,6,2.647058823529412
FIRMINÓPOLIS,6,2.2
FLORES DE GOIÁS,6,4.961538461538462
FORMOSA,6,4.150837988826815
FORMOSO,6,1.8333333333333333
GAMELEIRA DE GOIÁS,6,2.0303030303030303
GOIANDIRA,6,1.5555555555555556
GOIANIRA,6,1.4594594594594594
GOIANÁPOLIS,6,1.7692307692307692
GOIANÉSIA,6,2.430379746835443
GOIATUBA,6,2.75
GOIÁS,6,3.4526315789473685
GOIÂNIA,6,3.121387283236994
GUAPÓ,6,2.5
GUARANI DE GOIÁS,6,3.25
GUARAÍTA,6,1.0
GUARINOS,6,2.75
HEITORAÍ,6,1.8
HIDROLINA,6,2.740740740740741
HIDROLÂNDIA,6,2.1594202898550723
IACIARA,6,7.594202898550725
INACIOLÂNDIA,6,7.142857142857143
INDIARA,6,2.575
INHUMAS,6,1.9130434782608696
IPAMERI,6,5.139896373056994
IPIRANGA DE GOIÁS,6,1.8928571428571428
IPORÁ,6,1.6444444444444444
ISRAELÂNDIA,6,2.0
ITABERAÍ,6,3.0
ITAGUARI,6,1.3333333333333333
ITAGUARU,6,5.555555555555555
ITAJÁ,6,2.5384615384615383
ITAPACI,6,2.6666666666666665
ITAPIRAPUÃ,6,2.4242424242424243
ITAPURANGA,6,2.2222222222222223
ITARUMÃ,6,4.627118644067797
ITAUÇU,6,1.8
ITUMBIARA,6,5.170940170940171
IVOLÂNDIA,6,3.4878048780487805
JANDAIA,6,3.55
JARAGUÁ,6,2.119047619047619
JATAÍ,6,4.259668508287293
JAUPACI,6,4.142857142857143
JESÚPOLIS,6,1.0
JOVIÂNIA,6,1.8888888888888888
JUSSARA,6,7.694117647058824
LAGOA SANTA,6,1.75
LEOPOLDO DE BULHÕES,6,1.9428571428571428
LUZIÂNIA,6,3.549504950495049
MAIRIPOTABA,6,3.347826086956522
MAMBAÍ,6,5.1923076923076925
MARA ROSA,6,2.625
MARZAGÃO,6,2.111111111111111
MATRINCHÃ,6,3.5454545454545454
MAURILÂNDIA,6,4.36
MIMOSO DE GOIÁS,6,5.0
MINAÇU,6,5.321428571428571
MINEIROS,6,9.509174311926603
MOIPORÁ,6,2.4615384615384617
MONTE ALEGRE DE GOIÁS,6,5.746268656716418
MONTES CLAROS DE GOIÁS,6,4.019230769230769
MONTIVIDIU,6,1.625
MONTIVIDIU DO NORTE,6,7.462962962962963
MORRINHOS,6,2.7681159420289854
MORRO AGUDO DE GOIÁS,6,2.6666666666666665
MOSSÂMEDES,6,1.875
MOZARLÂNDIA,6,2.8541666666666665
MUNDO NOVO,6,2.9692307692307693
MUTUNÓPOLIS,6,5.033898305084746
NAZÁRIO,6,1.3333333333333333
NERÓPOLIS,6,1.8571428571428568
NIQUELÂNDIA,6,16.54513888888889
NOVA AMÉRICA,6,2.5
NOVA AURORA,6,1.5
NOVA CRIXÁS,6,11.0
NOVA GLÓRIA,6,2.68
NOVA IGUAÇU DE GOIÁS,6,2.3043478260869565
NOVA ROMA,6,5.73015873015873
NOVA VENEZA,6,1.6
NOVO BRASIL,6,1.0
NOVO GAMA,6,1.9787234042553192
NOVO PLANALTO,6,4.092307692307692
Niquelândia,6,0.0
ORIZONA,6,2.0625
OURO VERDE DE GOIÁS,6,1.4
OUVIDOR,6,1.36
PADRE BERNARDO,6,3.821138211382114
PALESTINA DE GOIÁS,6,2.933333333333333
PALMEIRAS DE GOIÁS,6,2.2916666666666665
PALMELO,6,1.0
PALMINÓPOLIS,6,2.142857142857143
PANAMÁ,6,2.875
PARANAIGUARA,6,17.666666666666668
PARAÚNA,6,7.314814814814815
PEROLÂNDIA,6,2.4074074074074074
PETROLINA DE GOIÁS,6,3.56
PILAR DE GOIÁS,6,1.4210526315789471
PIRACANJUBA,6,2.4878048780487805
PIRANHAS,6,3.371794871794872
PIRENÓPOLIS,6,2.509433962264151
PIRES DO RIO,6,3.636363636363636
PLANALTINA,6,6.205128205128205
PONTALINA,6,1.3846153846153846
PORANGATU,6,8.9
PORTEIRÃO,6,3.433333333333333
PORTELÂNDIA,6,2.230769230769231
POSSE,6,3.027027027027027
PROFESSOR JAMIL,6,2.333333333333333
QUIRINÓPOLIS,6,3.3095238095238093
RIALMA,6,1.5483870967741935
RIANÁPOLIS,6,1.0
RIO QUENTE,6,1.8571428571428568
RIO VERDE,6,5.575418994413408
RUBIATABA,6,2.3846153846153846
SANCLERLÂNDIA,6,1.5
SANTA BÁRBARA DE GOIÁS,6,2.0
SANTA CRUZ DE GOIÁS,6,2.351351351351352
SANTA FÉ DE GOIÁS,6,4.266666666666667
SANTA HELENA DE GOIÁS,6,5.549295774647887
SANTA ISABEL,6,6.6415094339622645
SANTA RITA DO ARAGUAIA,6,2.236842105263158
SANTA RITA DO NOVO DESTINO,6,4.5588235294117645
SANTA ROSA DE GOIÁS,6,1.6666666666666667
SANTA TEREZA DE GOIÁS,6,3.5405405405405403
SANTA TEREZINHA DE GOIÁS,6,4.050847457627119
SANTO ANTÔNIO DA BARRA,6,3.2962962962962963
SANTO ANTÔNIO DE GOIÁS,6,1.625
SANTO ANTÔNIO DO DESCOBERTO,6,2.3076923076923075
SENADOR CANEDO,6,2.8767123287671232
SERRANÓPOLIS,6,3.9432624113475176
SILVÂNIA,6,2.824074074074074
SIMOLÂNDIA,6,2.5789473684210527
SÃO DOMINGOS,6,5.164179104477612
SÃO FRANCISCO DE GOIÁS,6,2.2580645161290325
SÃO JOÃO D'ALIANÇA,6,4.917582417582418
SÃO JOÃO DA PARAÚNA,6,1.8571428571428568
SÃO LUIZ DO NORTE,6,3.3375
SÃO LUÍS DE MONTES BELOS,6,2.25
SÃO MIGUEL DO ARAGUAIA,6,5.801418439716312
SÃO MIGUEL DO PASSA QUATRO,6,1.181818181818182
SÃO PATRÍCIO,6,4.5
SÍTIO D'ABADIA,6,5.327586206896552
TAQUARAL DE GOIÁS,6,1.0
TERESINA DE GOIÁS,6,3.9615384615384617
TEREZÓPOLIS DE GOIÁS,6,2.125
TRINDADE,6,1.6708860759493671
TROMBAS,6,1.818181818181818
TRÊS RANCHOS,6,2.3125
TURVELÂNDIA,6,2.41025641025641
TURVÂNIA,6,2.9166666666666665
UIRAPURU,6,1.8823529411764703
URUANA,6,2.5294117647058822
URUAÇU,6,2.8306451612903225
URUTAÍ,6,2.357142857142857
VALPARAÍSO DE GOIÁS,6,2.023809523809524
VARJÃO,6,1.9166666666666667
VIANÓPOLIS,6,2.1052631578947367
VICENTINÓPOLIS,6,4.85
VILA BOA,6,4.597402597402597
VILA PROPÍCIO,6,3.1449275362318843
Vila Boa,6,0.0
ÁGUA FRIA DE GOIÁS,6,3.768421052631579
ÁGUA LIMPA,6,0.0
ÁGUAS LINDAS DE GOIÁS,6,1.6349206349206349
ABADIA DE GOIÁS,7,2.196078431372549
ABADIÂNIA,7,2.4272727272727272
ACREÚNA,7,7.014705882352941
ADELÂNDIA,7,1.9230769230769231
ALEXÂNIA,7,2.362068965517241
ALOÂNDIA,7,1.0
ALTO HORIZONTE,7,2.935483870967742
ALTO PARAÍSO DE GOIÁS,7,8.7682119205298
ALVORADA DO NORTE,7,7.209302325581396
AMARALINA,7,4.042253521126761
AMERICANO DO BRASIL,7,2.363636363636364
AMORINÓPOLIS,7,5.806451612903226
ANHANGUERA,7,3.3
ANICUNS,7,4.487179487179487
ANÁPOLIS,7,3.371794871794872
APARECIDA DE GOIÂNIA,7,2.496551724137931
APARECIDA DO RIO DOCE,7,6.935483870967742
APORÉ,7,5.487179487179487
ARAGARÇAS,7,3.113207547169812
ARAGOIÂNIA,7,1.8387096774193548
ARAGUAPAZ,7,3.6575342465753424
ARAÇU,7,1.25
ARENÓPOLIS,7,2.810344827586207
ARUANÃ,7,4.71578947368421
AURILÂNDIA,7,10.227272727272728
AVELINÓPOLIS,7,2.4444444444444446
BALIZA,7,4.604166666666667
BARRO ALTO,7,2.682819383259912
BELA VISTA DE GOIÁS,7,2.606741573033708
BOM JARDIM DE GOIÁS,7,5.81981981981982
BOM JESUS DE GOIÁS,7,6.293333333333333
BONFINÓPOLIS,7,2.25
BONÓPOLIS,7,3.85
BRAZABRANTES,7,1.7777777777777777
BRITÂNIA,7,2.333333333333333
BURITI ALEGRE,7,1.6666666666666667
BURITI DE GOIÁS,7,1.0
BURITINÓPOLIS,7,1.8571428571428568
Bonópolis,7,0.0
CABECEIRAS,7,2.5
CACHOEIRA ALTA,7,4.341463414634147
CACHOEIRA DE GOIÁS,7,5.434782608695652
CACHOEIRA DOURADA,7,2.76
CAIAPÔNIA,7,6.62200956937799
CALDAS NOVAS,7,3.889705882352941
CALDAZINHA,7,2.3
CAMPESTRE DE GOIÁS,7,3.888888888888889
CAMPINAÇU,7,6.617283950617284
CAMPINORTE,7,3.4
CAMPO ALEGRE DE GOIÁS,7,5.220588235294118
CAMPO LIMPO DE GOIÁS,7,1.6363636363636365
CAMPOS BELOS,7,9.63888888888889
CAMPOS VERDES,7,3.238095238095238
CARMO DO RIO VERDE,7,2.65
CASTELÂNDIA,7,3.5853658536585367
CATALÃO,7,4.705882352941177
CATURAÍ,7,2.259259259259259
CAVALCANTE,7,13.919148936170211
CAÇU,7,3.929824561403509
CERES,7,1.85
CEZARINA,7,1.6785714285714286
CHAPADÃO DO CÉU,7,15.958333333333334
CIDADE OCIDENTAL,7,2.333333333333333
COCALZINHO DE GOIÁS,7,4.165413533834586
COLINAS DO SUL,7,4.875
CORUMBAÍBA,7,4.5
CORUMBÁ DE GOIÁS,7,3.7666666666666666
CRISTALINA,7,7.588477366255144
CRISTIANÓPOLIS,7,1.619047619047619
CRIXÁS,7,5.069767441860465
CROMÍNIA,7,2.375
CUMARI,7,2.4615384615384617
CÓRREGO DO OURO,7,2.7333333333333334
DAMIANÓPOLIS,7,1.6363636363636365
DAMOLÂNDIA,7,1.1666666666666667
DAVINÓPOLIS,7,1.6666666666666667
DIORAMA,7,2.933333333333333
DIVINÓPOLIS DE GOIÁS,7,2.677419354838709
DOVERLÂNDIA,7,8.13013698630137
EDEALINA,7,2.363636363636364
EDÉIA,7,5.45
ESTRELA DO NORTE,7,2.1052631578947367
FAINA,7,3.0
FAZENDA NOVA,7,2.28
FIRMINÓPOLIS,7,3.055555555555556
FLORES DE GOIÁS,7,9.59447004608295
FORMOSA,7,7.991967871485944
FORMOSO,7,3.020833333333333
GAMELEIRA DE GOIÁS,7,1.864864864864865
GOIANDIRA,7,2.710526315789474
GOIANIRA,7,2.7962962962962963
GOIANÁPOLIS,7,2.3793103448275863
GOIANÉSIA,7,4.128205128205129
GOIATUBA,7,3.77
GOIÁS,7,3.336448598130841
GOIÂNIA,7,4.111111111111111
GUAPÓ,7,1.71875
GUARANI DE GOIÁS,7,5.855072463768116
GUARAÍTA,7,1.0
GUARINOS,7,2.523809523809524
HEITORAÍ,7,3.35
HIDROLINA,7,3.619047619047619
HIDROLÂNDIA,7,3.146067415730337
IACIARA,7,6.682539682539683
INACIOLÂNDIA,7,13.96551724137931
INDIARA,7,2.435483870967742
INHUMAS,7,2.5764705882352943
IPAMERI,7,6.45
IPIRANGA DE GOIÁS,7,4.078947368421052
IPORÁ,7,3.4
ISRAELÂNDIA,7,1.3333333333333333
ITABERAÍ,7,3.0756302521008405
ITAGUARI,7,1.7857142857142858
ITAGUARU,7,2.4285714285714284
ITAJÁ,7,3.9722222222222223
ITAPACI,7,3.519230769230769
ITAPIRAPUÃ,7,2.2564102564102564
ITAPURANGA,7,2.81
ITARUMÃ,7,7.197183098591549
ITAUÇU,7,2.185185185185185
ITUMBIARA,7,6.792134831460674
IVOLÂNDIA,7,4.846153846153846
JANDAIA,7,4.941176470588236
JARAGUÁ,7,2.136842105263158
JATAÍ,7,5.796875
JAUPACI,7,1.6666666666666667
JESÚPOLIS,7,1.6666666666666667
JOVIÂNIA,7,3.7
JUSSARA,7,9.265625
LAGOA SANTA,7,5.0
LEOPOLDO DE BULHÕES,7,2.5172413793103448
LUZIÂNIA,7,4.806083650190114
MAIRIPOTABA,7,2.2142857142857144
MAMBAÍ,7,2.7142857142857144
MARA ROSA,7,2.952830188679245
MARZAGÃO,7,3.9444444444444446
MATRINCHÃ,7,3.586206896551724
MAURILÂNDIA,7,5.352112676056338
MIMOSO DE GOIÁS,7,4.928571428571429
MINAÇU,7,3.794117647058824
MINEIROS,7,22.80708661417323
MOIPORÁ,7,2.3076923076923075
MONTE ALEGRE DE GOIÁS,7,15.2991452991453
MONTES CLAROS DE GOIÁS,7,4.117647058823529
MONTIVIDIU,7,7.575757575757576
MONTIVIDIU DO NORTE,7,6.419753086419753
MORRINHOS,7,3.528735632183908
MORRO AGUDO DE GOIÁS,7,2.933333333333333
MOSSÂMEDES,7,2.8
MOZARLÂNDIA,7,5.734375
MUNDO NOVO,7,8.622641509433961
MUTUNÓPOLIS,7,4.423728813559322
NAZÁRIO,7,3.5
NERÓPOLIS,7,2.8043478260869565
NIQUELÂNDIA,7,17.075
NOVA AMÉRICA,7,1.9375
NOVA AURORA,7,1.4
NOVA CRIXÁS,7,10.156626506024097
NOVA GLÓRIA,7,3.736363636363636
NOVA IGUAÇU DE GOIÁS,7,1.7777777777777777
NOVA ROMA,7,5.889908256880734
NOVA VENEZA,7,1.6875
NOVO BRASIL,7,3.8461538461538463
NOVO GAMA,7,2.432098765432099
NOVO PLANALTO,7,2.840909090909091
Niquelândia,7,0.0
ORIZONA,7,4.069444444444445
OURO VERDE DE GOIÁS,7,3.25
OUVIDOR,7,1.7674418604651163
PADRE BERNARDO,7,5.626315789473685
PALESTINA DE GOIÁS,7,2.375
PALMEIRAS DE GOIÁS,7,4.373493975903615
PALMELO,7,1.6666666666666667
PALMINÓPOLIS,7,3.0
PANAMÁ,7,5.291666666666667
PARANAIGUARA,7,8.090909090909092
PARAÚNA,7,10.00763358778626
PEROLÂNDIA,7,7.612903225806452
PETROLINA DE GOIÁS,7,3.0303030303030303
PILAR DE GOIÁS,7,2.259259259259259
PIRACANJUBA,7,3.095652173913044
PIRANHAS,7,4.797297297297297
PIRENÓPOLIS,7,5.027272727272727
PIRES DO RIO,7,2.588235294117647
PLANALTINA,7,5.461139896373057
PONTALINA,7,3.7222222222222223
PORANGATU,7,6.937777777777778
PORTEIRÃO,7,7.545454545454546
PORTELÂNDIA,7,3.1875
POSSE,7,5.989130434782608
PROFESSOR JAMIL,7,1.8695652173913044
QUIRINÓPOLIS,7,5.173076923076923
RIALMA,7,2.341463414634146
RIANÁPOLIS,7,3.45
RIO QUENTE,7,1.7777777777777777
RIO VERDE,7,8.504166666666666
RUBIATABA,7,2.948717948717949
SANCLERLÂNDIA,7,1.8333333333333333
SANTA BÁRBARA DE GOIÁS,7,2.1818181818181817
SANTA CRUZ DE GOIÁS,7,2.94
SANTA FÉ DE GOIÁS,7,6.047619047619048
SANTA HELENA DE GOIÁS,7,7.339622641509434
SANTA ISABEL,7,5.336448598130841
SANTA RITA DO ARAGUAIA,7,2.9411764705882355
SANTA RITA DO NOVO DESTINO,7,5.09433962264151
SANTA ROSA DE GOIÁS,7,1.0
SANTA TEREZA DE GOIÁS,7,3.0
SANTA TEREZINHA DE GOIÁS,7,5.619047619047619
SANTO ANTÔNIO DA BARRA,7,4.851851851851852
SANTO ANTÔNIO DE GOIÁS,7,1.3333333333333333
SANTO ANTÔNIO DO DESCOBERTO,7,3.772727272727273
SENADOR CANEDO,7,2.396551724137931
SERRANÓPOLIS,7,5.373493975903615
SILVÂNIA,7,3.026315789473684
SIMOLÂNDIA,7,2.2857142857142856
SÃO DOMINGOS,7,10.803921568627452
SÃO FRANCISCO DE GOIÁS,7,2.3
SÃO JOÃO D'ALIANÇA,7,5.825112107623318
SÃO JOÃO DA PARAÚNA,7,4.545454545454546
SÃO LUIZ DO NORTE,7,4.944444444444445
SÃO LUÍS DE MONTES BELOS,7,3.0
SÃO MIGUEL DO ARAGUAIA,7,4.620689655172414
SÃO MIGUEL DO PASSA QUATRO,7,2.631578947368421
SÃO PATRÍCIO,7,3.1666666666666665
SÍTIO D'ABADIA,7,5.32258064516129
TAQUARAL DE GOIÁS,7,1.0
TERESINA DE GOIÁS,7,3.711864406779661
TEREZÓPOLIS DE GOIÁS,7,2.393939393939394
TRINDADE,7,2.310344827586207
TROMBAS,7,3.976744186046512
TRÊS RANCHOS,7,1.8
TURVELÂNDIA,7,5.033333333333333
TURVÂNIA,7,3.28
UIRAPURU,7,4.6
URUANA,7,1.933333333333333
URUAÇU,7,4.113636363636363
URUTAÍ,7,2.7333333333333334
VALPARAÍSO DE GOIÁS,7,1.65
VARJÃO,7,4.625
VIANÓPOLIS,7,2.263157894736842
VICENTINÓPOLIS,7,3.971428571428572
VILA BOA,7,5.483050847457627
VILA PROPÍCIO,7,6.323809523809524
Vila Boa,7,0.0
ÁGUA FRIA DE GOIÁS,7,3.4365079365079363
ÁGUA LIMPA,7,0.0
ÁGUAS LINDAS DE GOIÁS,7,2.1384615384615384
ABADIA DE GOIÁS,8,2.163265306122449
ABADIÂNIA,8,4.287878787878788
ACREÚNA,8,14.854545454545455
ADELÂNDIA,8,10.133333333333333
ALEXÂNIA,8,4.537634408602151
ALOÂNDIA,8,3.142857142857143
ALTO HORIZONTE,8,8.0
ALTO PARAÍSO DE GOIÁS,8,11.88888888888889
ALVORADA DO NORTE,8,8.414414414414415
AMARALINA,8,5.614583333333333
AMERICANO DO BRASIL,8,1.8333333333333333
AMORINÓPOLIS,8,2.761904761904762
ANHANGUERA,8,1.3333333333333333
ANICUNS,8,5.467532467532467
ANÁPOLIS,8,5.160804020100502
APARECIDA DE GOIÂNIA,8,3.2222222222222223
APARECIDA DO RIO DOCE,8,6.041666666666667
APORÉ,8,6.059701492537314
ARAGARÇAS,8,7.037974683544304
ARAGOIÂNIA,8,3.204081632653061
ARAGUAPAZ,8,5.388888888888889
ARAÇU,8,5.0
ARENÓPOLIS,8,3.15
ARUANÃ,8,5.648
AURILÂNDIA,8,4.8
AVELINÓPOLIS,8,3.68
BALIZA,8,13.097014925373134
BARRO ALTO,8,4.75
BELA VISTA DE GOIÁS,8,4.912
BOM JARDIM DE GOIÁS,8,16.5
BOM JESUS DE GOIÁS,8,6.875
BONFINÓPOLIS,8,2.0
BONÓPOLIS,8,5.159574468085107
BRAZABRANTES,8,2.892857142857143
BRITÂNIA,8,8.91891891891892
BURITI ALEGRE,8,2.875
BURITI DE GOIÁS,8,2.1666666666666665
BURITINÓPOLIS,8,3.6666666666666665
Bonópolis,8,0.0
CABECEIRAS,8,5.858490566037736
CACHOEIRA ALTA,8,4.96078431372549
CACHOEIRA DE GOIÁS,8,7.551724137931035
CACHOEIRA DOURADA,8,6.830188679245283
CAIAPÔNIA,8,9.740425531914894
CALDAS NOVAS,8,4.833333333333333
CALDAZINHA,8,4.086956521739131
CAMPESTRE DE GOIÁS,8,5.090909090909091
CAMPINAÇU,8,11.534246575342468
CAMPINORTE,8,6.803149606299213
CAMPO ALEGRE DE GOIÁS,8,6.474358974358975
CAMPO LIMPO DE GOIÁS,8,1.9444444444444444
CAMPOS BELOS,8,29.184466019417474
CAMPOS VERDES,8,3.1
CARMO DO RIO VERDE,8,3.316666666666667
CASTELÂNDIA,8,9.979166666666666
CATALÃO,8,8.842364532019705
CATURAÍ,8,3.5106382978723403
CAVALCANTE,8,23.82832618025751
CAÇU,8,3.9836065573770494
CERES,8,2.230769230769231
CEZARINA,8,1.9230769230769231
CHAPADÃO DO CÉU,8,63.55737704918032
CIDADE OCIDENTAL,8,2.990740740740741
COCALZINHO DE GOIÁS,8,5.949044585987261
COLINAS DO SUL,8,18.412587412587413
CORUMBAÍBA,8,3.886075949367088
CORUMBÁ DE GOIÁS,8,3.488372093023256
CRISTALINA,8,14.811111111111112
CRISTIANÓPOLIS,8,4.12
CRIXÁS,8,10.58490566037736
CROMÍNIA,8,3.5
CUMARI,8,4.388888888888889
CÓRREGO DO OURO,8,6.411764705882353
DAMIANÓPOLIS,8,2.25
DAMOLÂNDIA,8,3.2
DAVINÓPOLIS,8,2.92
DIORAMA,8,4.333333333333333
DIVINÓPOLIS DE GOIÁS,8,8.206896551724139
DOVERLÂNDIA,8,6.879699248120301
EDEALINA,8,2.6666666666666665
EDÉIA,8,11.786259541984732
ESTRELA DO NORTE,8,3.108108108108108
FAINA,8,4.4605263157894735
FAZENDA NOVA,8,5.057142857142857
FIRMINÓPOLIS,8,3.423076923076923
FLORES DE GOIÁS,8,16.240963855421686
FORMOSA,8,17.983221476510067
FORMOSO,8,3.66
GAMELEIRA DE GOIÁS,8,4.653846153846154
GOIANDIRA,8,3.4705882352941178
GOIANIRA,8,2.894736842105264
GOIANÁPOLIS,8,2.159090909090909
GOIANÉSIA,8,4.735849056603773
GOIATUBA,8,7.148760330578512
GOIÁS,8,6.836477987421383
GOIÂNIA,8,6.837837837837838
GUAPÓ,8,3.3404255319148937
GUARANI DE GOIÁS,8,11.729411764705882
GUARAÍTA,8,3.5
GUARINOS,8,3.057142857142857
HEITORAÍ,8,4.0
HIDROLINA,8,5.866666666666666
HIDROLÂNDIA,8,4.308411214953271
IACIARA,8,6.1645569620253164
INACIOLÂNDIA,8,11.515151515151516
INDIARA,8,6.125
INHUMAS,8,3.248
IPAMERI,8,7.844155844155843
IPIRANGA DE GOIÁS,8,3.738095238095238
IPORÁ,8,7.931034482758621
ISRAELÂNDIA,8,10.68
ITABERAÍ,8,6.976331360946745
ITAGUARI,8,3.28125
ITAGUARU,8,1.3636363636363635
ITAJÁ,8,8.836363636363636
ITAPACI,8,5.343065693430657
ITAPIRAPUÃ,8,5.806451612903226
ITAPURANGA,8,4.529850746268656
ITARUMÃ,8,7.63768115942029
ITAUÇU,8,4.878048780487805
ITUMBIARA,8,11.487437185929648
IVOLÂNDIA,8,3.083333333333333
JANDAIA,8,4.475
JARAGUÁ,8,5.847328244274809
JATAÍ,8,15.048
JAUPACI,8,6.193548387096774
JESÚPOLIS,8,3.3
JOVIÂNIA,8,5.230769230769231
JUSSARA,8,10.092592592592592
LAGOA SANTA,8,24.55555555555556
LEOPOLDO DE BULHÕES,8,3.144736842105264
LUZIÂNIA,8,7.163568773234201
MAIRIPOTABA,8,5.092592592592593
MAMBAÍ,8,8.672413793103448
MARA ROSA,8,3.4262295081967213
MARZAGÃO,8,5.5
MATRINCHÃ,8,4.238095238095238
MAURILÂNDIA,8,9.753623188405795
MIMOSO DE GOIÁS,8,35.817142857142855
MINAÇU,8,14.044025157232705
MINEIROS,8,21.34
MOIPORÁ,8,8.478260869565217
MONTE ALEGRE DE GOIÁS,8,67.65972222222223
MONTES CLAROS DE GOIÁS,8,6.534883720930233
MONTIVIDIU,8,11.74626865671642
MONTIVIDIU DO NORTE,8,6.523809523809524
MORRINHOS,8,10.212765957446807
MORRO AGUDO DE GOIÁS,8,2.642857142857143
MOSSÂMEDES,8,5.7926829268292686
MOZARLÂNDIA,8,10.263157894736842
MUNDO NOVO,8,7.9375
MUTUNÓPOLIS,8,3.783783783783784
NAZÁRIO,8,3.4761904761904763
NERÓPOLIS,8,7.137254901960785
NIQUELÂNDIA,8,36.06666666666667
NOVA AMÉRICA,8,3.6875
NOVA AURORA,8,2.2857142857142856
NOVA CRIXÁS,8,11.738461538461538
NOVA GLÓRIA,8,5.191780821917808
NOVA IGUAÇU DE GOIÁS,8,3.8461538461538463
NOVA ROMA,8,20.4496644295302
NOVA VENEZA,8,2.8823529411764706
NOVO BRASIL,8,3.076923076923077
NOVO GAMA,8,2.7043478260869565
NOVO PLANALTO,8,3.880597014925373
Niquelândia,8,0.0
ORIZONA,8,5.228571428571429
OURO VERDE DE GOIÁS,8,4.117647058823529
OUVIDOR,8,2.1272727272727274
PADRE BERNARDO,8,15.02928870292887
PALESTINA DE GOIÁS,8,10.75
PALMEIRAS DE GOIÁS,8,5.927835051546392
PALMELO,8,8.0
PALMINÓPOLIS,8,4.823529411764706
PANAMÁ,8,5.666666666666667
PARANAIGUARA,8,13.0
PARAÚNA,8,15.534090909090908
PEROLÂNDIA,8,16.982142857142858
PETROLINA DE GOIÁS,8,5.256410256410256
PILAR DE GOIÁS,8,3.702127659574468
PIRACANJUBA,8,6.971014492753623
PIRANHAS,8,5.319587628865979
PIRENÓPOLIS,8,9.901315789473683
PIRES DO RIO,8,3.223684210526316
PLANALTINA,8,12.190677966101696
PONTALINA,8,6.162162162162162
PORANGATU,8,8.047430830039525
PORTEIRÃO,8,16.597014925373134
PORTELÂNDIA,8,7.22
POSSE,8,8.978260869565217
PROFESSOR JAMIL,8,3.733333333333333
QUIRINÓPOLIS,8,7.7176470588235295
RIALMA,8,5.967391304347826
RIANÁPOLIS,8,2.6296296296296298
RIO QUENTE,8,3.769230769230769
RIO VERDE,8,17.859205776173287
RUBIATABA,8,3.324675324675325
SANCLERLÂNDIA,8,3.75
SANTA BÁRBARA DE GOIÁS,8,2.333333333333333
SANTA CRUZ DE GOIÁS,8,4.725806451612903
SANTA FÉ DE GOIÁS,8,6.433333333333334
SANTA HELENA DE GOIÁS,8,9.805970149253731
SANTA ISABEL,8,9.3625
SANTA RITA DO ARAGUAIA,8,6.78
SANTA RITA DO NOVO DESTINO,8,6.416666666666667
SANTA ROSA DE GOIÁS,8,2.2857142857142856
SANTA TEREZA DE GOIÁS,8,14.742857142857142
SANTA TEREZINHA DE GOIÁS,8,3.852941176470588
SANTO ANTÔNIO DA BARRA,8,6.3559322033898304
SANTO ANTÔNIO DE GOIÁS,8,3.5789473684210527
SANTO ANTÔNIO DO DESCOBERTO,8,4.680232558139535
SENADOR CANEDO,8,3.488721804511278
SERRANÓPOLIS,8,8.729166666666666
SILVÂNIA,8,6.071428571428571
SIMOLÂNDIA,8,2.257142857142857
SÃO DOMINGOS,8,20.65142857142857
SÃO FRANCISCO DE GOIÁS,8,4.041666666666667
SÃO JOÃO D'ALIANÇA,8,9.256521739130434
SÃO JOÃO DA PARAÚNA,8,4.115384615384615
SÃO LUIZ DO NORTE,8,5.4609375
SÃO LUÍS DE MONTES BELOS,8,4.127272727272727
SÃO MIGUEL DO ARAGUAIA,8,13.102409638554215
SÃO MIGUEL DO PASSA QUATRO,8,4.095238095238095
SÃO PATRÍCIO,8,3.4285714285714284
SÍTIO D'ABADIA,8,6.218978102189781
TAQUARAL DE GOIÁS,8,3.1052631578947367
TERESINA DE GOIÁS,8,6.634615384615385
TEREZÓPOLIS DE GOIÁS,8,2.268292682926829
TRINDADE,8,4.220689655172414
TROMBAS,8,4.196078431372549
TRÊS RANCHOS,8,2.1904761904761907
TURVELÂNDIA,8,7.2125
TURVÂNIA,8,3.0
UIRAPURU,8,6.274193548387097
URUANA,8,4.475409836065574
URUAÇU,8,9.369747899159664
URUTAÍ,8,4.75
VALPARAÍSO DE GOIÁS,8,2.0
VARJÃO,8,8.047619047619047
VIANÓPOLIS,8,3.938775510204082
VICENTINÓPOLIS,8,9.942028985507246
VILA BOA,8,5.452054794520548
VILA PROPÍCIO,8,22.25757575757576
Vila Boa,8,0.0
ÁGUA FRIA DE GOIÁS,8,15.012422360248449
ÁGUA LIMPA,8,0.0
ÁGUAS LINDAS DE GOIÁS,8,3.441860465116279
ABADIA DE GOIÁS,9,3.5526315789473686
ABADIÂNIA,9,7.30379746835443
ACREÚNA,9,21.24806201550388
ADELÂNDIA,9,3.4
ALEXÂNIA,9,5.275862068965517
ALOÂNDIA,9,4.375
ALTO HORIZONTE,9,3.767123287671233
ALTO PARAÍSO DE GOIÁS,9,42.33689839572192
ALVORADA DO NORTE,9,16.734567901234566
AMARALINA,9,11.376470588235296
AMERICANO DO BRASIL,9,9.142857142857142
AMORINÓPOLIS,9,3.4516129032258065
ANHANGUERA,9,4.4
ANICUNS,9,8.380645161290323
ANÁPOLIS,9,5.974619289340102
APARECIDA DE GOIÂNIA,9,3.282608695652174
APARECIDA DO RIO DOCE,9,7.363636363636363
APORÉ,9,7.3559322033898304
ARAGARÇAS,9,8.863636363636363
ARAGOIÂNIA,9,3.5
ARAGUAPAZ,9,40.75739644970414
ARAÇU,9,2.090909090909091
ARENÓPOLIS,9,12.653846153846152
ARUANÃ,9,11.074257425742577
AURILÂNDIA,9,7.194444444444445
AVELINÓPOLIS,9,6.27027027027027
BALIZA,9,43.92746113989637
BARRO ALTO,9,12.292792792792794
BELA VISTA DE GOIÁS,9,9.30722891566265
BOM JARDIM DE GOIÁS,9,19.29310344827586
BOM JESUS DE GOIÁS,9,29.314814814814813
BONFINÓPOLIS,9,6.4363636363636365
BONÓPOLIS,9,9.642201834862384
BRAZABRANTES,9,3.08
BRITÂNIA,9,16.194915254237287
BURITI ALEGRE,9,11.666666666666666
BURITI DE GOIÁS,9,21.6
BURITINÓPOLIS,9,6.088888888888889
Bonópolis,9,0.0
CABECEIRAS,9,8.043478260869565
CACHOEIRA ALTA,9,5.921875
CACHOEIRA DE GOIÁS,9,5.8
CACHOEIRA DOURADA,9,7.483333333333333
CAIAPÔNIA,9,19.785714285714285
CALDAS NOVAS,9,7.276923076923077
CALDAZINHA,9,3.5405405405405403
CAMPESTRE DE GOIÁS,9,2.4444444444444446
CAMPINAÇU,9,20.502857142857145
CAMPINORTE,9,18.9375
CAMPO ALEGRE DE GOIÁS,9,8.579268292682928
CAMPO LIMPO DE GOIÁS,9,3.2777777777777777
CAMPOS BELOS,9,11.60483870967742
CAMPOS VERDES,9,2.819672131147541
CARMO DO RIO VERDE,9,3.1818181818181817
CASTELÂNDIA,9,11.508771929824562
CATALÃO,9,12.896995708154506
CATURAÍ,9,5.804878048780488
CAVALCANTE,9,93.57094594594597
CAÇU,9,9.212121212121213
CERES,9,4.125
CEZARINA,9,5.070588235294117
CHAPADÃO DO CÉU,9,24.31081081081081
CIDADE OCIDENTAL,9,3.883333333333333
COCALZINHO DE GOIÁS,9,11.515463917525771
COLINAS DO SUL,9,46.28682170542636
CORUMBAÍBA,9,9.237113402061857
CORUMBÁ DE GOIÁS,9,7.465116279069767
CRISTALINA,9,23.768382352941178
CRISTIANÓPOLIS,9,9.714285714285714
CRIXÁS,9,38.22419928825623
CROMÍNIA,9,6.830188679245283
CUMARI,9,8.088235294117647
CÓRREGO DO OURO,9,5.333333333333333
DAMIANÓPOLIS,9,3.8983050847457625
DAMOLÂNDIA,9,1.125
DAVINÓPOLIS,9,8.868421052631579
DIORAMA,9,8.492307692307692
DIVINÓPOLIS DE GOIÁS,9,7.530120481927711
DOVERLÂNDIA,9,11.326797385620916
EDEALINA,9,11.069767441860463
EDÉIA,9,15.87037037037037
ESTRELA DO NORTE,9,6.983606557377049
FAINA,9,13.370165745856353
FAZENDA NOVA,9,31.852941176470587
FIRMINÓPOLIS,9,2.636363636363636
FLORES DE GOIÁS,9,34.28813559322034
FORMOSA,9,68.80757097791798
FORMOSO,9,16.902912621359224
GAMELEIRA DE GOIÁS,9,4.74
GOIANDIRA,9,6.015384615384615
GOIANIRA,9,2.8780487804878048
GOIANÁPOLIS,9,17.941176470588236
GOIANÉSIA,9,8.916129032258064
GOIATUBA,9,20.95945945945946
GOIÁS,9,18.63274336283186
GOIÂNIA,9,14.897777777777778
GUAPÓ,9,21.885245901639344
GUARANI DE GOIÁS,9,12.983333333333333
GUARAÍTA,9,5.333333333333333
GUARINOS,9,6.25531914893617
HEITORAÍ,9,5.0
HIDROLINA,9,7.314285714285714
HIDROLÂNDIA,9,6.626760563380282
IACIARA,9,5.932692307692308
INACIOLÂNDIA,9,21.24137931034483
INDIARA,9,21.30555555555556
INHUMAS,9,4.302521008403361
IPAMERI,9,14.254166666666666
IPIRANGA DE GOIÁS,9,4.402597402597403
IPORÁ,9,4.222222222222222
ISRAELÂNDIA,9,3.1904761904761907
ITABERAÍ,9,10.95054945054945
ITAGUARI,9,4.333333333333333
ITAGUARU,9,2.6206896551724137
ITAJÁ,9,8.842857142857143
ITAPACI,9,6.467105263157895
ITAPIRAPUÃ,9,7.779411764705882
ITAPURANGA,9,5.5
ITARUMÃ,9,14.3125
ITAUÇU,9,7.958333333333333
ITUMBIARA,9,23.60696517412936
IVOLÂNDIA,9,4.7164179104477615
JANDAIA,9,8.676923076923076
JARAGUÁ,9,7.790055248618785
JATAÍ,9,63.22784810126582
JAUPACI,9,14.25
JESÚPOLIS,9,3.4615384615384617
JOVIÂNIA,9,6.0
JUSSARA,9,22.507462686567163
LAGOA SANTA,9,2.6
LEOPOLDO DE BULHÕES,9,5.163461538461538
LUZIÂNIA,9,10.8206106870229
MAIRIPOTABA,9,6.368421052631579
MAMBAÍ,9,20.51136363636364
MARA ROSA,9,8.548571428571428
MARZAGÃO,9,5.170212765957447
MATRINCHÃ,9,4.014084507042254
MAURILÂNDIA,9,13.416666666666666
MIMOSO DE GOIÁS,9,37.81679389312977
MINAÇU,9,29.281368821292777
MINEIROS,9,43.460431654676256
MOIPORÁ,9,8.425
MONTE ALEGRE DE GOIÁS,9,42.21287128712871
MONTES CLAROS DE GOIÁS,9,11.015384615384615
MONTIVIDIU,9,20.97872340425532
MONTIVIDIU DO NORTE,9,11.546666666666669
MORRINHOS,9,13.267379679144383
MORRO AGUDO DE GOIÁS,9,5.294117647058823
MOSSÂMEDES,9,14.911111111111111
MOZARLÂNDIA,9,9.01388888888889
MUNDO NOVO,9,9.72549019607843
MUTUNÓPOLIS,9,8.10236220472441
NAZÁRIO,9,11.8
NERÓPOLIS,9,8.205128205128204
NIQUELÂNDIA,9,124.96884735202492
NOVA AMÉRICA,9,4.1875
NOVA AURORA,9,2.9166666666666665
NOVA CRIXÁS,9,19.518072289156628
NOVA GLÓRIA,9,5.074534161490683
NOVA IGUAÇU DE GOIÁS,9,17.158536585365855
NOVA ROMA,9,28.492385786802032
NOVA VENEZA,9,6.0
NOVO BRASIL,9,7.5
NOVO GAMA,9,3.336734693877551
NOVO PLANALTO,9,5.686046511627907
Niquelândia,9,0.0
ORIZONA,9,5.928571428571429
OURO VERDE DE GOIÁS,9,3.392857142857143
OUVIDOR,9,4.4361702127659575
PADRE BERNARDO,9,40.29818181818182
PALESTINA DE GOIÁS,9,7.289855072463768
PALMEIRAS DE GOIÁS,9,14.758333333333333
PALMELO,9,5.2
PALMINÓPOLIS,9,6.758620689655173
PANAMÁ,9,8.338028169014084
PARANAIGUARA,9,9.85
PARAÚNA,9,21.641414141414145
PEROLÂNDIA,9,22.696202531645568
PETROLINA DE GOIÁS,9,5.298245614035087
PILAR DE GOIÁS,9,13.73469387755102
PIRACANJUBA,9,10.303030303030305
PIRANHAS,9,9.89655172413793
PIRENÓPOLIS,9,15.986425339366516
PIRES DO RIO,9,14.23
PLANALTINA,9,51.09712230215828
PONTALINA,9,9.043010752688172
PORANGATU,9,21.102272727272727
PORTEIRÃO,9,13.3
PORTELÂNDIA,9,12.055555555555555
POSSE,9,23.47953216374269
PROFESSOR JAMIL,9,13.82089552238806
QUIRINÓPOLIS,9,22.104
RIALMA,9,6.934065934065934
RIANÁPOLIS,9,7.315789473684211
RIO QUENTE,9,4.781818181818182
RIO VERDE,9,54.16796875
RUBIATABA,9,5.367924528301887
SANCLERLÂNDIA,9,4.571428571428571
SANTA BÁRBARA DE GOIÁS,9,3.4
SANTA CRUZ DE GOIÁS,9,7.754385964912281
SANTA FÉ DE GOIÁS,9,8.342857142857143
SANTA HELENA DE GOIÁS,9,37.3671875
SANTA ISABEL,9,6.78030303030303
SANTA RITA DO ARAGUAIA,9,11.25
SANTA RITA DO NOVO DESTINO,9,9.485507246376812
SANTA ROSA DE GOIÁS,9,1.85
SANTA TEREZA DE GOIÁS,9,7.455357142857143
SANTA TEREZINHA DE GOIÁS,9,5.739130434782608
SANTO ANTÔNIO DA BARRA,9,11.407407407407408
SANTO ANTÔNIO DE GOIÁS,9,9.064516129032258
SANTO ANTÔNIO DO DESCOBERTO,9,6.8121212121212125
SENADOR CANEDO,9,6.507462686567164
SERRANÓPOLIS,9,19.24657534246576
SILVÂNIA,9,5.927152317880795
SIMOLÂNDIA,9,7.8307692307692305
SÃO DOMINGOS,9,42.90547263681592
SÃO FRANCISCO DE GOIÁS,9,4.876923076923077
SÃO JOÃO D'ALIANÇA,9,38.44202898550725
SÃO JOÃO DA PARAÚNA,9,6.4
SÃO LUIZ DO NORTE,9,7.245614035087719
SÃO LUÍS DE MONTES BELOS,9,4.226415094339623
SÃO MIGUEL DO ARAGUAIA,9,21.97872340425532
SÃO MIGUEL DO PASSA QUATRO,9,4.803571428571429
SÃO PATRÍCIO,9,3.5625
SÍTIO D'ABADIA,9,13.57471264367816
TAQUARAL DE GOIÁS,9,8.558823529411764
TERESINA DE GOIÁS,9,24.914285714285715
TEREZÓPOLIS DE GOIÁS,9,10.636363636363637
TRINDADE,9,5.162962962962963
TROMBAS,9,11.934306569343066
TRÊS RANCHOS,9,2.1153846153846154
TURVELÂNDIA,9,15.953271028037385
TURVÂNIA,9,5.590909090909091
UIRAPURU,9,9.281553398058252
URUANA,9,5.699029126213592
URUAÇU,9,18.047445255474454
URUTAÍ,9,10.636363636363637
VALPARAÍSO DE GOIÁS,9,2.0375
VARJÃO,9,7.838709677419355
VIANÓPOLIS,9,7.074626865671642
VICENTINÓPOLIS,9,10.19718309859155
VILA BOA,9,15.807692307692308
VILA PROPÍCIO,9,22.308823529411764
Vila Boa,9,0.0
ÁGUA FRIA DE GOIÁS,9,32.05726872246696
ÁGUA LIMPA,9,3.75
ÁGUAS LINDAS DE GOIÁS,9,4.744897959183674
ABADIA DE GOIÁS,10,3.7083333333333335
ABADIÂNIA,10,4.284090909090909
ACREÚNA,10,10.907692307692308
ADELÂNDIA,10,2.0
ALEXÂNIA,10,3.328358208955224
ALOÂNDIA,10,1.4
ALTO HORIZONTE,10,3.5657894736842106
ALTO PARAÍSO DE GOIÁS,10,29.08333333333333
ALVORADA DO NORTE,10,14.429292929292927
AMARALINA,10,7.445652173913044
AMERICANO DO BRASIL,10,2.6153846153846154
AMORINÓPOLIS,10,3.5121951219512195
ANHANGUERA,10,1.0
ANICUNS,10,4.648
ANÁPOLIS,10,2.698630136986301
APARECIDA DE GOIÂNIA,10,3.2333333333333334
APARECIDA DO RIO DOCE,10,6.585365853658536
APORÉ,10,4.225806451612903
ARAGARÇAS,10,5.076923076923077
ARAGOIÂNIA,10,2.0
ARAGUAPAZ,10,8.150684931506849
ARAÇU,10,1.3636363636363635
ARENÓPOLIS,10,7.685714285714286
ARUANÃ,10,10.467532467532468
AURILÂNDIA,10,4.882352941176471
AVELINÓPOLIS,10,3.4444444444444446
BALIZA,10,6.834394904458598
BARRO ALTO,10,14.48936170212766
BELA VISTA DE GOIÁS,10,3.3
BOM JARDIM DE GOIÁS,10,8.657342657342657
BOM JESUS DE GOIÁS,10,10.136363636363637
BONFINÓPOLIS,10,2.411764705882353
BONÓPOLIS,10,7.174825174825175
BRAZABRANTES,10,3.56
BRITÂNIA,10,6.205479452054795
BURITI ALEGRE,10,9.944444444444445
BURITI DE GOIÁS,10,19.615384615384617
BURITINÓPOLIS,10,5.435483870967742
Bonópolis,10,0.0
CABECEIRAS,10,3.631578947368421
CACHOEIRA ALTA,10,4.839506172839506
CACHOEIRA DE GOIÁS,10,3.909090909090909
CACHOEIRA DOURADA,10,7.0
CAIAPÔNIA,10,18.54201680672269
CALDAS NOVAS,10,7.123711340206185
CALDAZINHA,10,1.4375
CAMPESTRE DE GOIÁS,10,1.7777777777777777
CAMPINAÇU,10,33.09426229508197
CAMPINORTE,10,7.0060975609756095
CAMPO ALEGRE DE GOIÁS,10,7.079207920792079
CAMPO LIMPO DE GOIÁS,10,2.583333333333333
CAMPOS BELOS,10,9.54109589041096
CAMPOS VERDES,10,5.494117647058824
CARMO DO RIO VERDE,10,2.6029411764705883
CASTELÂNDIA,10,15.633333333333333
CATALÃO,10,8.331168831168831
CATURAÍ,10,3.4
CAVALCANTE,10,133.02508960573476
CAÇU,10,5.962962962962963
CERES,10,2.5121951219512195
CEZARINA,10,5.661538461538462
CHAPADÃO DO CÉU,10,15.92
CIDADE OCIDENTAL,10,3.63265306122449
COCALZINHO DE GOIÁS,10,8.335483870967742
COLINAS DO SUL,10,29.61860465116279
CORUMBAÍBA,10,4.140845070422535
CORUMBÁ DE GOIÁS,10,6.086956521739131
CRISTALINA,10,13.309644670050762
CRISTIANÓPOLIS,10,2.1666666666666665
CRIXÁS,10,15.458167330677291
CROMÍNIA,10,3.575757575757576
CUMARI,10,4.793103448275862
CÓRREGO DO OURO,10,3.0
DAMIANÓPOLIS,10,5.546511627906977
DAMOLÂNDIA,10,1.3333333333333333
DAVINÓPOLIS,10,3.083333333333333
DIORAMA,10,4.0701754385964914
DIVINÓPOLIS DE GOIÁS,10,7.58641975308642
DOVERLÂNDIA,10,7.695
EDEALINA,10,4.971428571428572
EDÉIA,10,8.258064516129032
ESTRELA DO NORTE,10,3.027027027027027
FAINA,10,9.903743315508022
FAZENDA NOVA,10,21.25490196078432
FIRMINÓPOLIS,10,3.533333333333333
FLORES DE GOIÁS,10,28.32472324723248
FORMOSA,10,42.29323308270677
FORMOSO,10,8.368055555555555
GAMELEIRA DE GOIÁS,10,1.5666666666666669
GOIANDIRA,10,4.2
GOIANIRA,10,2.3793103448275863
GOIANÁPOLIS,10,3.2857142857142856
GOIANÉSIA,10,12.238095238095235
GOIATUBA,10,7.81081081081081
GOIÁS,10,12.401015228426395
GOIÂNIA,10,3.753086419753086
GUAPÓ,10,5.0256410256410255
GUARANI DE GOIÁS,10,8.203592814371257
GUARAÍTA,10,2.8421052631578947
GUARINOS,10,4.768
HEITORAÍ,10,2.625
HIDROLINA,10,2.98
HIDROLÂNDIA,10,3.675324675324675
IACIARA,10,5.108695652173913
INACIOLÂNDIA,10,4.785714285714286
INDIARA,10,6.324675324675325
INHUMAS,10,2.276923076923077
IPAMERI,10,7.681081081081081
IPIRANGA DE GOIÁS,10,3.2531645569620253
IPORÁ,10,4.605263157894737
ISRAELÂNDIA,10,10.882352941176473
ITABERAÍ,10,6.174757281553398
ITAGUARI,10,2.235294117647059
ITAGUARU,10,1.4074074074074074
ITAJÁ,10,4.228070175438597
ITAPACI,10,7.525547445255475
ITAPIRAPUÃ,10,3.783018867924529
ITAPURANGA,10,2.9272727272727272
ITARUMÃ,10,7.801652892561983
ITAUÇU,10,1.807692307692308
ITUMBIARA,10,6.946808510638298
IVOLÂNDIA,10,4.18
JANDAIA,10,3.631578947368421
JARAGUÁ,10,3.9556962025316458
JATAÍ,10,10.825
JAUPACI,10,7.0625
JESÚPOLIS,10,1.6111111111111112
JOVIÂNIA,10,2.0625
JUSSARA,10,16.05952380952381
LAGOA SANTA,10,1.4375
LEOPOLDO DE BULHÕES,10,2.5510204081632653
LUZIÂNIA,10,7.593406593406593
MAIRIPOTABA,10,5.09375
MAMBAÍ,10,38.990566037735846
MARA ROSA,10,8.98360655737705
MARZAGÃO,10,2.5454545454545454
MATRINCHÃ,10,3.826923076923077
MAURILÂNDIA,10,11.657894736842104
MIMOSO DE GOIÁS,10,21.307692307692307
MINAÇU,10,41.84030418250951
MINEIROS,10,21.186666666666667
MOIPORÁ,10,1.575
MONTE ALEGRE DE GOIÁS,10,45.136882129277566
MONTES CLAROS DE GOIÁS,10,6.914728682170543
MONTIVIDIU,10,2.625
MONTIVIDIU DO NORTE,10,15.796296296296296
MORRINHOS,10,14.38
MORRO AGUDO DE GOIÁS,10,2.025
MOSSÂMEDES,10,14.914893617021276
MOZARLÂNDIA,10,4.921875
MUNDO NOVO,10,5.802919708029197
MUTUNÓPOLIS,10,4.229007633587786
NAZÁRIO,10,2.076923076923077
NERÓPOLIS,10,5.25925925925926
NIQUELÂNDIA,10,99.65140845070422
NOVA AMÉRICA,10,3.5172413793103448
NOVA AURORA,10,2.466666666666667
NOVA CRIXÁS,10,13.736220472440944
NOVA GLÓRIA,10,4.182926829268292
NOVA IGUAÇU DE GOIÁS,10,4.878260869565217
NOVA ROMA,10,26.25628140703517
NOVA VENEZA,10,2.6923076923076925
NOVO BRASIL,10,1.9714285714285715
NOVO GAMA,10,3.342857142857143
NOVO PLANALTO,10,3.744
Niquelândia,10,0.0
ORIZONA,10,2.84
OURO VERDE DE GOIÁS,10,1.8636363636363635
OUVIDOR,10,2.3255813953488373
PADRE BERNARDO,10,25.73333333333333
PALESTINA DE GOIÁS,10,6.017857142857143
PALMEIRAS DE GOIÁS,10,4.306306306306307
PALMELO,10,0.0
PALMINÓPOLIS,10,2.176470588235294
PANAMÁ,10,6.136363636363637
PARANAIGUARA,10,9.333333333333334
PARAÚNA,10,8.755434782608695
PEROLÂNDIA,10,1.5625
PETROLINA DE GOIÁS,10,3.765625
PILAR DE GOIÁS,10,7.940397350993377
PIRACANJUBA,10,5.536082474226804
PIRANHAS,10,6.2312925170068025
PIRENÓPOLIS,10,11.383720930232558
PIRES DO RIO,10,2.6825396825396823
PLANALTINA,10,43.78181818181818
PONTALINA,10,3.509433962264151
PORANGATU,10,16.66542750929368
PORTEIRÃO,10,16.914893617021278
PORTELÂNDIA,10,2.8529411764705883
POSSE,10,16.5
PROFESSOR JAMIL,10,4.027777777777778
QUIRINÓPOLIS,10,7.41747572815534
RIALMA,10,3.098360655737705
RIANÁPOLIS,10,3.0
RIO QUENTE,10,7.023255813953488
RIO VERDE,10,13.994565217391305
RUBIATABA,10,3.991071428571429
SANCLERLÂNDIA,10,1.8125
SANTA BÁRBARA DE GOIÁS,10,1.818181818181818
SANTA CRUZ DE GOIÁS,10,4.0
SANTA FÉ DE GOIÁS,10,6.470588235294118
SANTA HELENA DE GOIÁS,10,10.307692307692308
SANTA ISABEL,10,3.706422018348624
SANTA RITA DO ARAGUAIA,10,6.276315789473684
SANTA RITA DO NOVO DESTINO,10,6.64
SANTA ROSA DE GOIÁS,10,1.5714285714285714
SANTA TEREZA DE GOIÁS,10,3.907563025210084
SANTA TEREZINHA DE GOIÁS,10,5.041420118343195
SANTO ANTÔNIO DA BARRA,10,5.16
SANTO ANTÔNIO DE GOIÁS,10,2.176470588235294
SANTO ANTÔNIO DO DESCOBERTO,10,5.370786516853933
SENADOR CANEDO,10,2.275
SERRANÓPOLIS,10,7.65625
SILVÂNIA,10,3.3684210526315788
SIMOLÂNDIA,10,6.860759493670886
SÃO DOMINGOS,10,29.19465648854962
SÃO FRANCISCO DE GOIÁS,10,2.581818181818182
SÃO JOÃO D'ALIANÇA,10,26.40650406504065
SÃO JOÃO DA PARAÚNA,10,2.0526315789473686
SÃO LUIZ DO NORTE,10,5.803738317757009
SÃO LUÍS DE MONTES BELOS,10,2.804878048780488
SÃO MIGUEL DO ARAGUAIA,10,16.17543859649123
SÃO MIGUEL DO PASSA QUATRO,10,2.4482758620689653
SÃO PATRÍCIO,10,2.25
SÍTIO D'ABADIA,10,18.072538860103627
TAQUARAL DE GOIÁS,10,1.4782608695652173
TERESINA DE GOIÁS,10,16.8943661971831
TEREZÓPOLIS DE GOIÁS,10,3.210526315789474
TRINDADE,10,4.638888888888889
TROMBAS,10,12.192307692307692
TRÊS RANCHOS,10,1.181818181818182
TURVELÂNDIA,10,13.98611111111111
TURVÂNIA,10,3.16
UIRAPURU,10,7.727891156462585
URUANA,10,2.571428571428572
URUAÇU,10,10.493150684931509
URUTAÍ,10,3.9696969696969697
VALPARAÍSO DE GOIÁS,10,1.5454545454545454
VARJÃO,10,3.861111111111111
VIANÓPOLIS,10,2.821428571428572
VICENTINÓPOLIS,10,6.914893617021277
VILA BOA,10,8.845714285714285
VILA PROPÍCIO,10,12.070063694267516
Vila Boa,10,0.0
ÁGUA FRIA DE GOIÁS,10,12.734375
ÁGUA LIMPA,10,6.5
ÁGUAS LINDAS DE GOIÁS,10,2.208333333333333
ABADIA DE GOIÁS,11,1.0
ABADIÂNIA,11,1.7777777777777777
ACREÚNA,11,4.555555555555555
ADELÂNDIA,11,1.0
ALEXÂNIA,11,1.3333333333333333
ALOÂNDIA,11,1.0
ALTO HORIZONTE,11,1.6785714285714286
ALTO PARAÍSO DE GOIÁS,11,15.970149253731345
ALVORADA DO NORTE,11,13.123711340206183
AMARALINA,11,3.5873015873015874
AMERICANO DO BRASIL,11,1.0
AMORINÓPOLIS,11,2.2142857142857144
ANHANGUERA,11,2.0
ANICUNS,11,2.34375
ANÁPOLIS,11,1.8846153846153848
APARECIDA DE GOIÂNIA,11,1.6666666666666667
APARECIDA DO RIO DOCE,11,3.333333333333333
APORÉ,11,5.872340425531915
ARAGARÇAS,11,2.0
ARAGOIÂNIA,11,1.3333333333333333
ARAGUAPAZ,11,3.3289473684210527
ARAÇU,11,1.5
ARENÓPOLIS,11,4.5
ARUANÃ,11,6.490196078431373
AURILÂNDIA,11,5.5
AVELINÓPOLIS,11,1.75
BALIZA,11,5.831578947368421
BARRO ALTO,11,2.323529411764706
BELA VISTA DE GOIÁS,11,2.333333333333333
BOM JARDIM DE GOIÁS,11,5.245454545454545
BOM JESUS DE GOIÁS,11,7.096774193548387
BONFINÓPOLIS,11,1.1666666666666667
BONÓPOLIS,11,3.242857142857143
BRAZABRANTES,11,2.0
BRITÂNIA,11,3.109090909090909
BURITI ALEGRE,11,1.2
BURITI DE GOIÁS,11,1.0
BURITINÓPOLIS,11,2.333333333333333
Bonópolis,11,0.0
CABECEIRAS,11,2.25
CACHOEIRA ALTA,11,3.4489795918367347
CACHOEIRA DE GOIÁS,11,2.6923076923076925
CACHOEIRA DOURADA,11,4.555555555555555
CAIAPÔNIA,11,11.820359281437126
CALDAS NOVAS,11,2.340909090909091
CALDAZINHA,11,1.5714285714285714
CAMPESTRE DE GOIÁS,11,1.875
CAMPINAÇU,11,6.86734693877551
CAMPINORTE,11,3.025641025641025
CAMPO ALEGRE DE GOIÁS,11,2.6944444444444446
CAMPO LIMPO DE GOIÁS,11,1.7142857142857142
CAMPOS BELOS,11,4.746031746031746
CAMPOS VERDES,11,3.3076923076923075
CARMO DO RIO VERDE,11,6.3478260869565215
CASTELÂNDIA,11,3.7222222222222223
CATALÃO,11,2.8484848484848486
CATURAÍ,11,1.75
CAVALCANTE,11,15.257575757575758
CAÇU,11,3.1724137931034484
CERES,11,2.0
CEZARINA,11,1.3448275862068966
CHAPADÃO DO CÉU,11,5.375
CIDADE OCIDENTAL,11,1.0
COCALZINHO DE GOIÁS,11,3.4827586206896552
COLINAS DO SUL,11,3.515625
CORUMBAÍBA,11,2.5
CORUMBÁ DE GOIÁS,11,1.807692307692308
CRISTALINA,11,4.647058823529412
CRISTIANÓPOLIS,11,2.625
CRIXÁS,11,5.358208955223881
CROMÍNIA,11,1.5
CUMARI,11,2.7222222222222223
CÓRREGO DO OURO,11,1.5384615384615383
DAMIANÓPOLIS,11,8.242424242424242
DAMOLÂNDIA,11,1.0
DAVINÓPOLIS,11,1.6428571428571428
DIORAMA,11,2.8076923076923075
DIVINÓPOLIS DE GOIÁS,11,2.925373134328358
DOVERLÂNDIA,11,7.196969696969697
EDEALINA,11,1.4444444444444444
EDÉIA,11,3.684210526315789
ESTRELA DO NORTE,11,2.1333333333333333
FAINA,11,3.6310679611650487
FAZENDA NOVA,11,3.928571428571429
FIRMINÓPOLIS,11,1.6666666666666667
FLORES DE GOIÁS,11,9.316901408450704
FORMOSA,11,8.620437956204379
FORMOSO,11,3.652173913043478
GAMELEIRA DE GOIÁS,11,3.4285714285714284
GOIANDIRA,11,2.2857142857142856
GOIANIRA,11,3.411764705882353
GOIANÁPOLIS,11,1.0
GOIANÉSIA,11,2.269230769230769
GOIATUBA,11,7.604651162790698
GOIÁS,11,3.024390243902439
GOIÂNIA,11,2.1379310344827585
GUAPÓ,11,2.5
GUARANI DE GOIÁS,11,6.329411764705882
GUARAÍTA,11,1.6666666666666667
GUARINOS,11,2.9574468085106385
HEITORAÍ,11,1.6428571428571428
HIDROLINA,11,1.5238095238095235
HIDROLÂNDIA,11,2.0
IACIARA,11,4.3580246913580245
INACIOLÂNDIA,11,4.0
INDIARA,11,2.6129032258064515
INHUMAS,11,1.6785714285714286
IPAMERI,11,4.46875
IPIRANGA DE GOIÁS,11,2.1515151515151514
IPORÁ,11,3.1785714285714284
ISRAELÂNDIA,11,2.9
ITABERAÍ,11,2.2291666666666665
ITAGUARI,11,1.2
ITAGUARU,11,1.0
ITAJÁ,11,5.661764705882353
ITAPACI,11,3.0185185185185186
ITAPIRAPUÃ,11,4.017543859649122
ITAPURANGA,11,2.6486486486486487
ITARUMÃ,11,6.25
ITAUÇU,11,1.75
ITUMBIARA,11,6.282051282051282
IVOLÂNDIA,11,3.2711864406779663
JANDAIA,11,5.290322580645161
JARAGUÁ,11,2.9384615384615387
JATAÍ,11,4.119266055045872
JAUPACI,11,1.5833333333333333
JESÚPOLIS,11,2.0
JOVIÂNIA,11,1.6666666666666667
JUSSARA,11,3.877192982456141
LAGOA SANTA,11,2.230769230769231
LEOPOLDO DE BULHÕES,11,1.3333333333333333
LUZIÂNIA,11,2.7590361445783134
MAIRIPOTABA,11,1.3076923076923077
MAMBAÍ,11,5.8108108108108105
MARA ROSA,11,3.663157894736842
MARZAGÃO,11,1.0
MATRINCHÃ,11,3.272727272727273
MAURILÂNDIA,11,4.0
MIMOSO DE GOIÁS,11,3.477272727272727
MINAÇU,11,7.101851851851852
MINEIROS,11,8.87741935483871
MOIPORÁ,11,3.1666666666666665
MONTE ALEGRE DE GOIÁS,11,8.6015625
MONTES CLAROS DE GOIÁS,11,5.544303797468355
MONTIVIDIU,11,2.0
MONTIVIDIU DO NORTE,11,6.373626373626373
MORRINHOS,11,2.791044776119403
MORRO AGUDO DE GOIÁS,11,1.8333333333333333
MOSSÂMEDES,11,2.25
MOZARLÂNDIA,11,2.0
MUNDO NOVO,11,3.25
MUTUNÓPOLIS,11,2.555555555555556
NAZÁRIO,11,1.3333333333333333
NERÓPOLIS,11,2.75
NIQUELÂNDIA,11,9.711764705882352
NOVA AMÉRICA,11,1.4285714285714286
NOVA AURORA,11,0.0
NOVA CRIXÁS,11,7.382716049382716
NOVA GLÓRIA,11,2.1739130434782608
NOVA IGUAÇU DE GOIÁS,11,2.3142857142857145
NOVA ROMA,11,5.841584158415841
NOVA VENEZA,11,1.0
NOVO BRASIL,11,2.423076923076923
NOVO GAMA,11,2.5
NOVO PLANALTO,11,2.6296296296296298
Niquelândia,11,0.0
ORIZONA,11,2.431034482758621
OURO VERDE DE GOIÁS,11,1.375
OUVIDOR,11,1.3
PADRE BERNARDO,11,5.144444444444445
PALESTINA DE GOIÁS,11,4.067796610169491
PALMEIRAS DE GOIÁS,11,2.4411764705882355
PALMELO,11,1.0
PALMINÓPOLIS,11,2.6
PANAMÁ,11,4.476190476190476
PARANAIGUARA,11,3.0
PARAÚNA,11,9.123595505617978
PEROLÂNDIA,11,1.8461538461538465
PETROLINA DE GOIÁS,11,1.7777777777777777
PILAR DE GOIÁS,11,2.4516129032258065
PIRACANJUBA,11,2.282051282051282
PIRANHAS,11,4.792207792207792
PIRENÓPOLIS,11,2.842857142857143
PIRES DO RIO,11,2.6
PLANALTINA,11,4.074626865671642
PONTALINA,11,2.5128205128205128
PORANGATU,11,7.094890510948905
PORTEIRÃO,11,6.565217391304348
PORTELÂNDIA,11,1.8
POSSE,11,4.822916666666667
PROFESSOR JAMIL,11,3.0
QUIRINÓPOLIS,11,3.633333333333333
RIALMA,11,4.25
RIANÁPOLIS,11,13.833333333333334
RIO QUENTE,11,6.0
RIO VERDE,11,4.40566037735849
RUBIATABA,11,2.066666666666667
SANCLERLÂNDIA,11,2.0
SANTA BÁRBARA DE GOIÁS,11,2.0
SANTA CRUZ DE GOIÁS,11,1.7428571428571429
SANTA FÉ DE GOIÁS,11,5.315789473684211
SANTA HELENA DE GOIÁS,11,10.26923076923077
SANTA ISABEL,11,2.289473684210526
SANTA RITA DO ARAGUAIA,11,2.7
SANTA RITA DO NOVO DESTINO,11,2.2888888888888888
SANTA ROSA DE GOIÁS,11,1.1666666666666667
SANTA TEREZA DE GOIÁS,11,2.9074074074074074
SANTA TEREZINHA DE GOIÁS,11,4.013888888888889
SANTO ANTÔNIO DA BARRA,11,3.3684210526315788
SANTO ANTÔNIO DE GOIÁS,11,2.5
SANTO ANTÔNIO DO DESCOBERTO,11,1.9285714285714288
SENADOR CANEDO,11,1.1666666666666667
SERRANÓPOLIS,11,6.6
SILVÂNIA,11,2.7
SIMOLÂNDIA,11,2.1515151515151514
SÃO DOMINGOS,11,9.192307692307692
SÃO FRANCISCO DE GOIÁS,11,2.3703703703703702
SÃO JOÃO D'ALIANÇA,11,7.227722772277228
SÃO JOÃO DA PARAÚNA,11,2.2857142857142856
SÃO LUIZ DO NORTE,11,2.1219512195121952
SÃO LUÍS DE MONTES BELOS,11,1.4
SÃO MIGUEL DO ARAGUAIA,11,5.422535211267606
SÃO MIGUEL DO PASSA QUATRO,11,1.4615384615384617
SÃO PATRÍCIO,11,1.0
SÍTIO D'ABADIA,11,5.826086956521739
TAQUARAL DE GOIÁS,11,1.6
TERESINA DE GOIÁS,11,4.8
TEREZÓPOLIS DE GOIÁS,11,1.5714285714285714
TRINDADE,11,1.7727272727272727
TROMBAS,11,2.8846153846153846
TRÊS RANCHOS,11,1.5
TURVELÂNDIA,11,5.206896551724138
TURVÂNIA,11,2.294117647058824
UIRAPURU,11,3.642857142857143
URUANA,11,2.1785714285714284
URUAÇU,11,3.933333333333333
URUTAÍ,11,3.125
VALPARAÍSO DE GOIÁS,11,1.0
VARJÃO,11,1.9230769230769231
VIANÓPOLIS,11,1.6
VICENTINÓPOLIS,11,3.76
VILA BOA,11,5.746478873239437
VILA PROPÍCIO,11,3.3
Vila Boa,11,0.0
ÁGUA FRIA DE GOIÁS,11,3.6226415094339615
ÁGUA LIMPA,11,2.0
ÁGUAS LINDAS DE GOIÁS,11,1.8
ABADIA DE GOIÁS,12,1.3333333333333333
ABADIÂNIA,12,2.2962962962962963
ACREÚNA,12,7.475
ADELÂNDIA,12,2.333333333333333
ALEXÂNIA,12,1.8
ALOÂNDIA,12,1.5
ALTO HORIZONTE,12,1.933333333333333
ALTO PARAÍSO DE GOIÁS,12,5.258064516129032
ALVORADA DO NORTE,12,4.511111111111111
AMARALINA,12,2.05
AMERICANO DO BRASIL,12,0.0
AMORINÓPOLIS,12,2.4
ANHANGUERA,12,1.0
ANICUNS,12,1.6363636363636365
ANÁPOLIS,12,1.8333333333333333
APARECIDA DE GOIÂNIA,12,1.2727272727272727
APARECIDA DO RIO DOCE,12,1.3636363636363635
APORÉ,12,2.088235294117647
ARAGARÇAS,12,1.7857142857142858
ARAGOIÂNIA,12,1.0
ARAGUAPAZ,12,4.232558139534884
ARAÇU,12,2.0
ARENÓPOLIS,12,1.8
ARUANÃ,12,5.0285714285714285
AURILÂNDIA,12,2.6
AVELINÓPOLIS,12,0.0
BALIZA,12,3.268292682926829
BARRO ALTO,12,2.056603773584906
BELA VISTA DE GOIÁS,12,2.0
BOM JARDIM DE GOIÁS,12,4.296296296296297
BOM JESUS DE GOIÁS,12,6.444444444444445
BONFINÓPOLIS,12,1.2857142857142858
BONÓPOLIS,12,2.3260869565217392
BRAZABRANTES,12,2.0
BRITÂNIA,12,3.3846153846153846
BURITI ALEGRE,12,2.2857142857142856
BURITI DE GOIÁS,12,1.0
BURITINÓPOLIS,12,0.0
Bonópolis,12,2.0
CABECEIRAS,12,1.5333333333333334
CACHOEIRA ALTA,12,2.6052631578947367
CACHOEIRA DE GOIÁS,12,3.090909090909091
CACHOEIRA DOURADA,12,2.6
CAIAPÔNIA,12,4.744186046511628
CALDAS NOVAS,12,2.0
CALDAZINHA,12,2.0
CAMPESTRE DE GOIÁS,12,2.0
CAMPINAÇU,12,4.471698113207547
CAMPINORTE,12,5.535714285714286
CAMPO ALEGRE DE GOIÁS,12,2.1944444444444446
CAMPO LIMPO DE GOIÁS,12,1.4
CAMPOS BELOS,12,2.8823529411764706
CAMPOS VERDES,12,1.7058823529411764
CARMO DO RIO VERDE,12,2.5
CASTELÂNDIA,12,3.375
CATALÃO,12,1.6774193548387095
CATURAÍ,12,1.5
CAVALCANTE,12,3.712121212121212
CAÇU,12,2.9761904761904763
CERES,12,3.0
CEZARINA,12,1.3888888888888888
CHAPADÃO DO CÉU,12,1.8333333333333333
CIDADE OCIDENTAL,12,1.0
COCALZINHO DE GOIÁS,12,2.52
COLINAS DO SUL,12,2.1
CORUMBAÍBA,12,2.1538461538461537
CORUMBÁ DE GOIÁS,12,1.6428571428571428
CRISTALINA,12,3.0
CRISTIANÓPOLIS,12,1.25
CRIXÁS,12,3.8
CROMÍNIA,12,1.0
CUMARI,12,1.8
CÓRREGO DO OURO,12,2.0
DAMIANÓPOLIS,12,4.882352941176471
DAMOLÂNDIA,12,0.0
DAVINÓPOLIS,12,1.6666666666666667
DIORAMA,12,1.625
DIVINÓPOLIS DE GOIÁS,12,2.4
DOVERLÂNDIA,12,4.6875
EDEALINA,12,3.583333333333333
EDÉIA,12,4.042553191489362
ESTRELA DO NORTE,12,1.4
FAINA,12,2.057142857142857
FAZENDA NOVA,12,1.7272727272727273
FIRMINÓPOLIS,12,1.375
FLORES DE GOIÁS,12,4.295918367346939
FORMOSA,12,4.067567567567568
FORMOSO,12,2.071428571428572
GAMELEIRA DE GOIÁS,12,1.625
GOIANDIRA,12,1.125
GOIANIRA,12,1.5
GOIANÁPOLIS,12,1.5
GOIANÉSIA,12,1.6521739130434785
GOIATUBA,12,5.0588235294117645
GOIÁS,12,1.8695652173913044
GOIÂNIA,12,1.8235294117647056
GUAPÓ,12,1.0
GUARANI DE GOIÁS,12,2.46
GUARAÍTA,12,2.0
GUARINOS,12,2.25
HEITORAÍ,12,1.0
HIDROLINA,12,2.363636363636364
HIDROLÂNDIA,12,1.5294117647058822
IACIARA,12,3.941176470588236
INACIOLÂNDIA,12,2.923076923076923
INDIARA,12,4.9
INHUMAS,12,2.0
IPAMERI,12,3.0491803278688523
IPIRANGA DE GOIÁS,12,1.75
IPORÁ,12,2.3181818181818183
ISRAELÂNDIA,12,2.5
ITABERAÍ,12,1.3076923076923077
ITAGUARI,12,2.5
ITAGUARU,12,2.875
ITAJÁ,12,3.794117647058824
ITAPACI,12,2.0
ITAPIRAPUÃ,12,2.1538461538461537
ITAPURANGA,12,1.6111111111111112
ITARUMÃ,12,4.191011235955056
ITAUÇU,12,0.0
ITUMBIARA,12,7.72972972972973
IVOLÂNDIA,12,3.2857142857142856
JANDAIA,12,2.176470588235294
JARAGUÁ,12,2.102564102564102
JATAÍ,12,2.243589743589744
JAUPACI,12,1.8571428571428568
JESÚPOLIS,12,1.0
JOVIÂNIA,12,3.0
JUSSARA,12,5.362637362637362
LAGOA SANTA,12,1.6666666666666667
LEOPOLDO DE BULHÕES,12,1.4285714285714286
LUZIÂNIA,12,2.396551724137931
MAIRIPOTABA,12,1.25
MAMBAÍ,12,3.176470588235294
MARA ROSA,12,2.9375
MARZAGÃO,12,0.0
MATRINCHÃ,12,3.0454545454545454
MAURILÂNDIA,12,3.684210526315789
MIMOSO DE GOIÁS,12,1.6
MINAÇU,12,3.638888888888889
MINEIROS,12,10.045454545454543
MOIPORÁ,12,1.6153846153846154
MONTE ALEGRE DE GOIÁS,12,3.8588235294117648
MONTES CLAROS DE GOIÁS,12,5.462962962962963
MONTIVIDIU,12,1.5384615384615383
MONTIVIDIU DO NORTE,12,3.1219512195121952
MORRINHOS,12,1.4
MORRO AGUDO DE GOIÁS,12,1.75
MOSSÂMEDES,12,1.0
MOZARLÂNDIA,12,3.4545454545454546
MUNDO NOVO,12,2.65
MUTUNÓPOLIS,12,2.033333333333333
NAZÁRIO,12,1.25
NERÓPOLIS,12,1.0
NIQUELÂNDIA,12,4.747747747747748
NOVA AMÉRICA,12,3.0
NOVA AURORA,12,1.5
NOVA CRIXÁS,12,6.991150442477876
NOVA GLÓRIA,12,1.4375
NOVA IGUAÇU DE GOIÁS,12,1.8571428571428568
NOVA ROMA,12,2.466666666666667
NOVA VENEZA,12,1.6666666666666667
NOVO BRASIL,12,1.9375
NOVO GAMA,12,0.0
NOVO PLANALTO,12,1.8235294117647056
Niquelândia,12,1.0
ORIZONA,12,1.9523809523809523
OURO VERDE DE GOIÁS,12,3.0
OUVIDOR,12,1.375
PADRE BERNARDO,12,2.3548387096774195
PALESTINA DE GOIÁS,12,2.5
PALMEIRAS DE GOIÁS,12,2.16
PALMELO,12,0.0
PALMINÓPOLIS,12,1.375
PANAMÁ,12,7.5
PARANAIGUARA,12,1.4
PARAÚNA,12,3.736842105263158
PEROLÂNDIA,12,1.6666666666666667
PETROLINA DE GOIÁS,12,1.4285714285714286
PILAR DE GOIÁS,12,1.9444444444444444
PIRACANJUBA,12,1.5925925925925926
PIRANHAS,12,2.775
PIRENÓPOLIS,12,1.7333333333333334
PIRES DO RIO,12,1.5625
PLANALTINA,12,2.45
PONTALINA,12,2.1818181818181817
PORANGATU,12,3.5232558139534884
PORTEIRÃO,12,3.259259259259259
PORTELÂNDIA,12,1.3157894736842106
POSSE,12,3.764705882352941
PROFESSOR JAMIL,12,1.875
QUIRINÓPOLIS,12,2.8181818181818183
RIALMA,12,2.571428571428572
RIANÁPOLIS,12,3.6666666666666665
RIO QUENTE,12,0.0
RIO VERDE,12,2.571428571428572
RUBIATABA,12,1.5714285714285714
SANCLERLÂNDIA,12,0.0
SANTA BÁRBARA DE GOIÁS,12,1.0
SANTA CRUZ DE GOIÁS,12,3.2666666666666666
SANTA FÉ DE GOIÁS,12,5.026315789473684
SANTA HELENA DE GOIÁS,12,3.208333333333333
SANTA ISABEL,12,1.318181818181818
SANTA RITA DO ARAGUAIA,12,1.9444444444444444
SANTA RITA DO NOVO DESTINO,12,1.619047619047619
SANTA ROSA DE GOIÁS,12,1.0
SANTA TEREZA DE GOIÁS,12,2.7142857142857144
SANTA TEREZINHA DE GOIÁS,12,2.4444444444444446
SANTO ANTÔNIO DA BARRA,12,1.25
SANTO ANTÔNIO DE GOIÁS,12,1.0
SANTO ANTÔNIO DO DESCOBERTO,12,2.5
SENADOR CANEDO,12,1.4
SERRANÓPOLIS,12,3.8072289156626495
SILVÂNIA,12,1.45
SIMOLÂNDIA,12,2.5625
SÃO DOMINGOS,12,4.08235294117647
SÃO FRANCISCO DE GOIÁS,12,1.8461538461538465
SÃO JOÃO D'ALIANÇA,12,3.931034482758621
SÃO JOÃO DA PARAÚNA,12,2.0
SÃO LUIZ DO NORTE,12,1.8235294117647056
SÃO LUÍS DE MONTES BELOS,12,1.875
SÃO MIGUEL DO ARAGUAIA,12,5.211764705882353
SÃO MIGUEL DO PASSA QUATRO,12,3.2
SÃO PATRÍCIO,12,0.0
SÍTIO D'ABADIA,12,3.216216216216216
TAQUARAL DE GOIÁS,12,0.0
TERESINA DE GOIÁS,12,3.4166666666666665
TEREZÓPOLIS DE GOIÁS,12,1.0
TRINDADE,12,1.25
TROMBAS,12,2.2285714285714286
TRÊS RANCHOS,12,1.5
TURVELÂNDIA,12,5.8
TURVÂNIA,12,2.571428571428572
UIRAPURU,12,2.361111111111111
URUANA,12,2.2857142857142856
URUAÇU,12,2.98
URUTAÍ,12,2.6923076923076925
VALPARAÍSO DE GOIÁS,12,0.0
VARJÃO,12,1.0
VIANÓPOLIS,12,2.090909090909091
VICENTINÓPOLIS,12,8.5
VILA BOA,12,3.0625
VILA PROPÍCIO,12,2.657142857142857
Vila Boa,12,1.0
ÁGUA FRIA DE GOIÁS,12,2.36
ÁGUA LIMPA,12,0.0
ÁGUAS LINDAS DE GOIÁS,12,1.0
